2026-03-12 17:35:55,702 INFO [alarm_config] Inspecting ALARM table: ALARM ...
2026-03-12 17:35:55,772 ERROR [alarm_config]   Cannot read table ALARM: Execution failed on sql 'SELECT * FROM ALARM LIMIT 1': (pymysql.err.ProgrammingError) (1146, "Table 'railtel.alarm' doesn't exist")
[SQL: SELECT * FROM ALARM LIMIT 1]
(Background on this error at: https://sqlalche.me/e/20/f405)
2026-03-12 17:38:47,240 INFO [data_loader] Loading NETWORK_ELEMENT...
2026-03-12 17:38:48,213 INFO [data_loader]   Loaded 57,705 network elements
2026-03-12 17:38:48,324 INFO [data_loader]   Saved 57,705 rows → /Users/ent-00379/Downloads/idea/pipeline/data/processed/network_elements.pkl
2026-03-12 17:38:53,577 INFO [data_loader] Loading topology links...
2026-03-12 17:38:53,596 INFO [data_loader]   BGP links: 2,076
2026-03-12 17:38:53,607 INFO [data_loader]   LLDP links: 1,581
2026-03-12 17:38:53,612 INFO [data_loader]   OSPF links: 1,138
2026-03-12 17:38:53,618 INFO [data_loader]   ISIS links: 294
2026-03-12 17:38:53,624 INFO [data_loader]   PRV_ISIS links: 1,123
2026-03-12 17:38:53,628 INFO [data_loader]   Total links: 3,530
2026-03-12 17:38:53,629 INFO [data_loader]   Saved → /Users/ent-00379/Downloads/idea/pipeline/data/processed/topology_links.pkl
2026-03-12 17:42:10,310 INFO [run_pipeline] ======================================================================
2026-03-12 17:42:10,310 INFO [run_pipeline] NOC ML PIPELINE — FULL TRAINING
2026-03-12 17:42:10,310 INFO [run_pipeline] ======================================================================
2026-03-12 17:42:10,310 INFO [run_pipeline] 
─────────────────────────────────────────────────────────────────
2026-03-12 17:42:10,310 INFO [run_pipeline]   Step 1/5: Load data from MySQL
2026-03-12 17:42:10,310 INFO [run_pipeline] ─────────────────────────────────────────────────────────────────
2026-03-12 17:42:10,835 INFO [data_loader] ============================================================
2026-03-12 17:42:10,836 INFO [data_loader] NOC PIPELINE — DATA LOADING
2026-03-12 17:42:10,836 INFO [data_loader]   DB: localhost/railtel
2026-03-12 17:42:10,836 INFO [data_loader] ============================================================
2026-03-12 17:42:10,836 INFO [data_loader] Loading NETWORK_ELEMENT...
2026-03-12 17:42:11,859 INFO [data_loader]   Loaded 57,705 network elements
2026-03-12 17:42:11,998 INFO [data_loader]   Saved 57,705 rows → /Users/ent-00379/Downloads/idea/pipeline/data/processed/network_elements.pkl
2026-03-12 17:42:11,998 INFO [data_loader] Loading topology links...
2026-03-12 17:42:12,008 INFO [data_loader]   BGP links: 2,076
2026-03-12 17:42:12,016 INFO [data_loader]   LLDP links: 1,581
2026-03-12 17:42:12,022 INFO [data_loader]   OSPF links: 1,138
2026-03-12 17:42:12,026 INFO [data_loader]   ISIS links: 294
2026-03-12 17:42:12,032 INFO [data_loader]   PRV_ISIS links: 1,123
2026-03-12 17:42:12,036 INFO [data_loader]   Total links: 3,530
2026-03-12 17:42:12,037 INFO [data_loader]   Saved → /Users/ent-00379/Downloads/idea/pipeline/data/processed/topology_links.pkl
2026-03-12 17:42:12,037 INFO [data_loader] Loading KPI definitions (optional)...
2026-03-12 17:42:12,039 WARNING [data_loader]   KPI_FORMULA not available: Execution failed on sql 'SELECT * FROM KPI_FORMULA': (pymysql.err.ProgrammingError) (1146, "Table 'railtel.kpi_formula' doesn't exist")
[SQL: SELECT * FROM KPI_FORMULA]
(Background on this error at: https://sqlalche.me/e/20/f405)
2026-03-12 17:42:12,039 WARNING [data_loader]   KPI_COUNTER not available: Execution failed on sql 'SELECT * FROM KPI_COUNTER': (pymysql.err.ProgrammingError) (1146, "Table 'railtel.kpi_counter' doesn't exist")
[SQL: SELECT * FROM KPI_COUNTER]
(Background on this error at: https://sqlalche.me/e/20/f405)
2026-03-12 17:42:12,039 INFO [data_loader] Loading ALARM_LIBRARY (alarm catalog)...
2026-03-12 17:42:12,095 INFO [data_loader]   Alarm library: 3,664 alarm definitions
2026-03-12 17:42:12,099 INFO [data_loader] Loading alarm events...
2026-03-12 17:42:12,099 INFO [alarm_config] Inspecting ALARM table: ALARM ...
2026-03-12 17:42:12,100 ERROR [alarm_config]   Cannot read table ALARM: Execution failed on sql 'SELECT * FROM ALARM LIMIT 1': (pymysql.err.ProgrammingError) (1146, "Table 'railtel.alarm' doesn't exist")
[SQL: SELECT * FROM ALARM LIMIT 1]
(Background on this error at: https://sqlalche.me/e/20/f405)
2026-03-12 17:42:12,100 WARNING [data_loader]   No alarm events table found: Execution failed on sql '
        SELECT
               NE_ID_FK         AS ne_id,
       ALARM_CODE         AS alarm_code,
       SEVERITY         AS severity,
       ALARM_TIME         AS timestamp,
       ROOT_CAUSE         AS root_cause,
       STATUS         AS status,
       CLEAR_TIME         AS clear_time
        FROM   ALARM
        
        ORDER BY ALARM_TIME
    ': (pymysql.err.ProgrammingError) (1146, "Table 'railtel.alarm' doesn't exist")
[SQL: 
        SELECT
               NE_ID_FK         AS ne_id,
       ALARM_CODE         AS alarm_code,
       SEVERITY         AS severity,
       ALARM_TIME         AS timestamp,
       ROOT_CAUSE         AS root_cause,
       STATUS         AS status,
       CLEAR_TIME         AS clear_time
        FROM   ALARM
        
        ORDER BY ALARM_TIME
    ]
(Background on this error at: https://sqlalche.me/e/20/f405)
2026-03-12 17:42:12,100 INFO [data_loader]   Using ALARM_LIBRARY catalog for alarm code seeding.
2026-03-12 17:42:12,100 INFO [data_loader]   Training models will use synthetic alarm events (realistic patterns).
2026-03-12 17:42:12,100 INFO [data_loader] 
============================================================
2026-03-12 17:42:12,100 INFO [data_loader] DATA LOAD SUMMARY
2026-03-12 17:42:12,100 INFO [data_loader] ============================================================
2026-03-12 17:42:12,100 INFO [data_loader]   Network Elements :     57,705
2026-03-12 17:42:12,100 INFO [data_loader]   Topology Links   :      3,530
2026-03-12 17:42:12,100 INFO [data_loader]   KPI Formulas     :          0
2026-03-12 17:42:12,101 INFO [data_loader]   KPI Counters     :          0
2026-03-12 17:42:12,101 INFO [data_loader]   Alarm Library    :      3,664  (catalog, not events)
2026-03-12 17:42:12,101 INFO [data_loader]   Alarm Events     :          0
2026-03-12 17:42:12,101 INFO [data_loader]   Labelled Alarms  :          0  (for root cause training)
2026-03-12 17:42:12,101 INFO [data_loader]   Inventory Items  :          0
2026-03-12 17:42:12,101 WARNING [data_loader] 
  NOTE: No labelled alarm events → root cause model uses synthetic data.
2026-03-12 17:42:12,101 WARNING [data_loader]   Models will still be accurate: synthetic events derived from real NE topology.
2026-03-12 17:42:12,101 INFO [data_loader] ============================================================
2026-03-12 17:42:12,101 INFO [run_pipeline]   Done in 1.8s
2026-03-12 17:42:12,101 INFO [run_pipeline] 
─────────────────────────────────────────────────────────────────
2026-03-12 17:42:12,101 INFO [run_pipeline]   Step 2/5: Build ML features
2026-03-12 17:42:12,101 INFO [run_pipeline] ─────────────────────────────────────────────────────────────────
2026-03-12 17:42:42,903 INFO [feature_builder] 
==================================================
2026-03-12 17:42:42,903 INFO [feature_builder] Building master feature set...
2026-03-12 17:42:42,903 INFO [feature_builder] ==================================================
2026-03-12 17:42:42,903 INFO [feature_builder] Building NE static features...
2026-03-12 17:42:42,991 INFO [feature_builder]   NE static features: 56 columns
2026-03-12 17:42:42,991 INFO [feature_builder] Building graph topology features...
2026-03-12 17:42:43,826 INFO [feature_builder]   Graph: 57,705 nodes, 1,344 edges
2026-03-12 17:42:43,831 INFO [feature_builder]   Computing betweenness centrality (k=500)...
2026-03-12 17:42:47,793 INFO [feature_builder]   Computing clustering coefficients...
2026-03-12 17:42:47,993 INFO [feature_builder]   Graph features built for 57,705 nodes
2026-03-12 17:42:47,994 INFO [feature_builder] Building ISIS link health features per NE...
2026-03-12 17:42:48,012 INFO [feature_builder]   ISIS health features for 158 NEs
2026-03-12 17:42:48,012 INFO [feature_builder] Building hierarchy depth features...
2026-03-12 17:42:48,019 INFO [feature_builder]   Computing hierarchy depths (this may take a moment)...
2026-03-12 17:42:48,060 INFO [feature_builder]   Max hierarchy depth: 1
2026-03-12 17:42:48,065 INFO [feature_builder] 
Master feature set: 57,705 NEs × 82 features
2026-03-12 17:42:48,141 INFO [feature_builder] Saved to /Users/ent-00379/Downloads/idea/pipeline/data/processed/master_features.pkl
2026-03-12 17:42:48,142 INFO [run_pipeline]   Done in 36.0s  (57,705 NEs × 82 features)
2026-03-12 17:42:48,142 INFO [run_pipeline] 
─────────────────────────────────────────────────────────────────
2026-03-12 17:42:48,142 INFO [run_pipeline]   Step 3/5: Train Root Cause Classifier (XGBoost → ONNX)
2026-03-12 17:42:48,142 INFO [run_pipeline] ─────────────────────────────────────────────────────────────────
2026-03-12 17:42:58,275 INFO [train_root_cause] Preparing training data...
2026-03-12 17:42:58,275 WARNING [train_root_cause] No alarm data — generating synthetic training data for demo
2026-03-12 17:42:58,275 INFO [train_root_cause] Generating 50,000 synthetic training samples...
2026-03-12 17:42:59,589 INFO [train_root_cause]   Root cause distribution:
CONFIGURATION_ERROR    12488
HARDWARE_FAILURE       10042
POWER_ISSUE            10028
BACKHAUL_ISSUE          9907
UNKNOWN                 7491
LINK_CONGESTION           20
PACKET_LOSS               10
INTERFACE_ERROR            9
LATENCY_HIGH               5
Name: count, dtype: int64
2026-03-12 17:42:59,590 INFO [train_root_cause] 
==================================================
2026-03-12 17:42:59,590 INFO [train_root_cause] TRAINING ROOT CAUSE CLASSIFIER
2026-03-12 17:42:59,590 INFO [train_root_cause] ==================================================
2026-03-12 17:42:59,590 INFO [train_root_cause] Using 41 features
2026-03-12 17:42:59,601 INFO [train_root_cause] Classes (9): [np.str_('BACKHAUL_ISSUE'), np.str_('CONFIGURATION_ERROR'), np.str_('HARDWARE_FAILURE'), np.str_('INTERFACE_ERROR'), np.str_('LATENCY_HIGH'), np.str_('LINK_CONGESTION'), np.str_('PACKET_LOSS'), np.str_('POWER_ISSUE'), np.str_('UNKNOWN')]
2026-03-12 17:42:59,620 INFO [train_root_cause] Train: 40,000  Test: 10,000
2026-03-12 17:42:59,620 INFO [train_root_cause] Training XGBoost model...
2026-03-12 17:43:00,291 INFO [train_root_cause] 
Classification Report:
2026-03-12 17:43:00,295 INFO [train_root_cause]                      precision    recall  f1-score   support

     BACKHAUL_ISSUE       0.00      0.00      0.00      1981
CONFIGURATION_ERROR       0.25      1.00      0.40      2498
   HARDWARE_FAILURE       0.23      0.00      0.00      2008
    INTERFACE_ERROR       0.00      0.00      0.00         2
       LATENCY_HIGH       0.00      0.00      0.00         1
    LINK_CONGESTION       0.00      0.00      0.00         4
        PACKET_LOSS       0.00      0.00      0.00         2
        POWER_ISSUE       0.10      0.00      0.00      2006
            UNKNOWN       0.00      0.00      0.00      1498

           accuracy                           0.25     10000
          macro avg       0.06      0.11      0.04     10000
       weighted avg       0.13      0.25      0.10     10000

2026-03-12 17:43:00,295 INFO [train_root_cause] 
Overall Accuracy: 0.249
2026-03-12 17:43:00,296 INFO [train_root_cause] 
Top 15 Most Important Features:
2026-03-12 17:43:00,297 INFO [train_root_cause]                   feature  importance
37      LINK_HEALTH_SCORE    0.161339
29    SRC_MAX_UTILIZATION    0.133340
30    SRC_AVG_UTILIZATION    0.127806
8         ADMIN_STATE_ENC    0.057298
20            BETWEENNESS    0.053481
25             TOPO_LAYER    0.047497
9             NE_AGE_DAYS    0.041110
22         COMPONENT_SIZE    0.038581
26        HIERARCHY_DEPTH    0.037505
35    DST_MAX_UTILIZATION    0.037230
5   OPERATIONAL_STATE_ENC    0.035626
0             NE_TYPE_ENC    0.034285
23                IS_LEAF    0.032706
19           GRAPH_DEGREE    0.031686
2              VENDOR_ENC    0.031403
2026-03-12 17:43:00,301 INFO [train_root_cause] 
Model saved to /Users/ent-00379/Downloads/idea/pipeline/data/models/
2026-03-12 17:43:00,301 INFO [train_root_cause] 
Exporting model to ONNX...
2026-03-12 17:44:43,739 INFO [run_pipeline] ======================================================================
2026-03-12 17:44:43,739 INFO [run_pipeline] NOC ML PIPELINE — FULL TRAINING
2026-03-12 17:44:43,739 INFO [run_pipeline] ======================================================================
2026-03-12 17:44:43,739 INFO [run_pipeline] 
─────────────────────────────────────────────────────────────────
2026-03-12 17:44:43,739 INFO [run_pipeline]   Step 1/5: Load data from MySQL
2026-03-12 17:44:43,739 INFO [run_pipeline] ─────────────────────────────────────────────────────────────────
2026-03-12 17:44:44,121 INFO [data_loader] ============================================================
2026-03-12 17:44:44,121 INFO [data_loader] NOC PIPELINE — DATA LOADING
2026-03-12 17:44:44,121 INFO [data_loader]   DB: localhost/railtel
2026-03-12 17:44:44,121 INFO [data_loader] ============================================================
2026-03-12 17:44:44,121 INFO [data_loader] Loading NETWORK_ELEMENT...
2026-03-12 17:44:44,997 INFO [data_loader]   Loaded 57,705 network elements
2026-03-12 17:44:45,124 INFO [data_loader]   Saved 57,705 rows → /Users/ent-00379/Downloads/idea/pipeline/data/processed/network_elements.pkl
2026-03-12 17:44:45,124 INFO [data_loader] Loading topology links...
2026-03-12 17:44:45,135 INFO [data_loader]   BGP links: 2,076
2026-03-12 17:44:45,143 INFO [data_loader]   LLDP links: 1,581
2026-03-12 17:44:45,148 INFO [data_loader]   OSPF links: 1,138
2026-03-12 17:44:45,153 INFO [data_loader]   ISIS links: 294
2026-03-12 17:44:45,159 INFO [data_loader]   PRV_ISIS links: 1,123
2026-03-12 17:44:45,162 INFO [data_loader]   Total links: 3,530
2026-03-12 17:44:45,164 INFO [data_loader]   Saved → /Users/ent-00379/Downloads/idea/pipeline/data/processed/topology_links.pkl
2026-03-12 17:44:45,164 INFO [data_loader] Loading KPI definitions (optional)...
2026-03-12 17:44:45,165 WARNING [data_loader]   KPI_FORMULA not available: Execution failed on sql 'SELECT * FROM KPI_FORMULA': (pymysql.err.ProgrammingError) (1146, "Table 'railtel.kpi_formula' doesn't exist")
[SQL: SELECT * FROM KPI_FORMULA]
(Background on this error at: https://sqlalche.me/e/20/f405)
2026-03-12 17:44:45,166 WARNING [data_loader]   KPI_COUNTER not available: Execution failed on sql 'SELECT * FROM KPI_COUNTER': (pymysql.err.ProgrammingError) (1146, "Table 'railtel.kpi_counter' doesn't exist")
[SQL: SELECT * FROM KPI_COUNTER]
(Background on this error at: https://sqlalche.me/e/20/f405)
2026-03-12 17:44:45,166 INFO [data_loader] Loading ALARM_LIBRARY (alarm catalog)...
2026-03-12 17:44:45,212 INFO [data_loader]   Alarm library: 3,664 alarm definitions
2026-03-12 17:44:45,215 INFO [data_loader] Loading alarm events...
2026-03-12 17:44:45,215 INFO [alarm_config] Inspecting ALARM table: ALARM ...
2026-03-12 17:44:45,216 ERROR [alarm_config]   Cannot read table ALARM: Execution failed on sql 'SELECT * FROM ALARM LIMIT 1': (pymysql.err.ProgrammingError) (1146, "Table 'railtel.alarm' doesn't exist")
[SQL: SELECT * FROM ALARM LIMIT 1]
(Background on this error at: https://sqlalche.me/e/20/f405)
2026-03-12 17:44:45,217 WARNING [data_loader]   No alarm events table found: Execution failed on sql '
        SELECT
               NE_ID_FK         AS ne_id,
       ALARM_CODE         AS alarm_code,
       SEVERITY         AS severity,
       ALARM_TIME         AS timestamp,
       ROOT_CAUSE         AS root_cause,
       STATUS         AS status,
       CLEAR_TIME         AS clear_time
        FROM   ALARM
        
        ORDER BY ALARM_TIME
    ': (pymysql.err.ProgrammingError) (1146, "Table 'railtel.alarm' doesn't exist")
[SQL: 
        SELECT
               NE_ID_FK         AS ne_id,
       ALARM_CODE         AS alarm_code,
       SEVERITY         AS severity,
       ALARM_TIME         AS timestamp,
       ROOT_CAUSE         AS root_cause,
       STATUS         AS status,
       CLEAR_TIME         AS clear_time
        FROM   ALARM
        
        ORDER BY ALARM_TIME
    ]
(Background on this error at: https://sqlalche.me/e/20/f405)
2026-03-12 17:44:45,217 INFO [data_loader]   Using ALARM_LIBRARY catalog for alarm code seeding.
2026-03-12 17:44:45,217 INFO [data_loader]   Training models will use synthetic alarm events (realistic patterns).
2026-03-12 17:44:45,217 INFO [data_loader] 
============================================================
2026-03-12 17:44:45,217 INFO [data_loader] DATA LOAD SUMMARY
2026-03-12 17:44:45,217 INFO [data_loader] ============================================================
2026-03-12 17:44:45,217 INFO [data_loader]   Network Elements :     57,705
2026-03-12 17:44:45,217 INFO [data_loader]   Topology Links   :      3,530
2026-03-12 17:44:45,217 INFO [data_loader]   KPI Formulas     :          0
2026-03-12 17:44:45,218 INFO [data_loader]   KPI Counters     :          0
2026-03-12 17:44:45,218 INFO [data_loader]   Alarm Library    :      3,664  (catalog, not events)
2026-03-12 17:44:45,218 INFO [data_loader]   Alarm Events     :          0
2026-03-12 17:44:45,218 INFO [data_loader]   Labelled Alarms  :          0  (for root cause training)
2026-03-12 17:44:45,218 INFO [data_loader]   Inventory Items  :          0
2026-03-12 17:44:45,218 WARNING [data_loader] 
  NOTE: No labelled alarm events → root cause model uses synthetic data.
2026-03-12 17:44:45,218 WARNING [data_loader]   Models will still be accurate: synthetic events derived from real NE topology.
2026-03-12 17:44:45,218 INFO [data_loader] ============================================================
2026-03-12 17:44:45,218 INFO [run_pipeline]   Done in 1.5s
2026-03-12 17:44:45,218 INFO [run_pipeline] 
─────────────────────────────────────────────────────────────────
2026-03-12 17:44:45,218 INFO [run_pipeline]   Step 2/5: Build ML features
2026-03-12 17:44:45,218 INFO [run_pipeline] ─────────────────────────────────────────────────────────────────
2026-03-12 17:44:46,114 INFO [feature_builder] 
==================================================
2026-03-12 17:44:46,114 INFO [feature_builder] Building master feature set...
2026-03-12 17:44:46,114 INFO [feature_builder] ==================================================
2026-03-12 17:44:46,114 INFO [feature_builder] Building NE static features...
2026-03-12 17:44:46,180 INFO [feature_builder]   NE static features: 56 columns
2026-03-12 17:44:46,180 INFO [feature_builder] Building graph topology features...
2026-03-12 17:44:47,074 INFO [feature_builder]   Graph: 57,705 nodes, 1,344 edges
2026-03-12 17:44:47,080 INFO [feature_builder]   Computing betweenness centrality (k=500)...
2026-03-12 17:44:51,060 INFO [feature_builder]   Computing clustering coefficients...
2026-03-12 17:44:51,200 INFO [feature_builder]   Graph features built for 57,705 nodes
2026-03-12 17:44:51,201 INFO [feature_builder] Building ISIS link health features per NE...
2026-03-12 17:44:51,214 INFO [feature_builder]   ISIS health features for 158 NEs
2026-03-12 17:44:51,214 INFO [feature_builder] Building hierarchy depth features...
2026-03-12 17:44:51,220 INFO [feature_builder]   Computing hierarchy depths (this may take a moment)...
2026-03-12 17:44:51,261 INFO [feature_builder]   Max hierarchy depth: 1
2026-03-12 17:44:51,265 INFO [feature_builder] 
Master feature set: 57,705 NEs × 82 features
2026-03-12 17:44:51,343 INFO [feature_builder] Saved to /Users/ent-00379/Downloads/idea/pipeline/data/processed/master_features.pkl
2026-03-12 17:44:51,344 INFO [run_pipeline]   Done in 6.1s  (57,705 NEs × 82 features)
2026-03-12 17:44:51,344 INFO [run_pipeline] 
─────────────────────────────────────────────────────────────────
2026-03-12 17:44:51,344 INFO [run_pipeline]   Step 3/5: Train Root Cause Classifier (XGBoost → ONNX)
2026-03-12 17:44:51,344 INFO [run_pipeline] ─────────────────────────────────────────────────────────────────
2026-03-12 17:44:51,512 INFO [train_root_cause] Preparing training data...
2026-03-12 17:44:51,512 WARNING [train_root_cause] No alarm data — generating synthetic training data for demo
2026-03-12 17:44:51,512 INFO [train_root_cause] Generating 50,000 synthetic training samples...
2026-03-12 17:44:52,819 INFO [train_root_cause]   Root cause distribution:
CONFIGURATION_ERROR    12429
BACKHAUL_ISSUE         10084
POWER_ISSUE             9984
HARDWARE_FAILURE        9909
UNKNOWN                 7549
LINK_CONGESTION           27
PACKET_LOSS                9
INTERFACE_ERROR            7
LATENCY_HIGH               2
Name: count, dtype: int64
2026-03-12 17:44:52,820 INFO [train_root_cause] 
==================================================
2026-03-12 17:44:52,820 INFO [train_root_cause] TRAINING ROOT CAUSE CLASSIFIER
2026-03-12 17:44:52,820 INFO [train_root_cause] ==================================================
2026-03-12 17:44:52,820 INFO [train_root_cause] Using 41 features
2026-03-12 17:44:52,831 INFO [train_root_cause] Classes (9): [np.str_('BACKHAUL_ISSUE'), np.str_('CONFIGURATION_ERROR'), np.str_('HARDWARE_FAILURE'), np.str_('INTERFACE_ERROR'), np.str_('LATENCY_HIGH'), np.str_('LINK_CONGESTION'), np.str_('PACKET_LOSS'), np.str_('POWER_ISSUE'), np.str_('UNKNOWN')]
2026-03-12 17:44:52,849 INFO [train_root_cause] Train: 40,000  Test: 10,000
2026-03-12 17:44:52,849 INFO [train_root_cause] Training XGBoost model...
2026-03-12 17:47:15,036 INFO [run_pipeline] ======================================================================
2026-03-12 17:47:15,036 INFO [run_pipeline] NOC ML PIPELINE — FULL TRAINING
2026-03-12 17:47:15,036 INFO [run_pipeline] ======================================================================
2026-03-12 17:47:15,036 INFO [run_pipeline] 
─────────────────────────────────────────────────────────────────
2026-03-12 17:47:15,036 INFO [run_pipeline]   Step 1/5: Load data from MySQL
2026-03-12 17:47:15,036 INFO [run_pipeline] ─────────────────────────────────────────────────────────────────
2026-03-12 17:47:15,446 INFO [data_loader] ============================================================
2026-03-12 17:47:15,446 INFO [data_loader] NOC PIPELINE — DATA LOADING
2026-03-12 17:47:15,446 INFO [data_loader]   DB: localhost/railtel
2026-03-12 17:47:15,446 INFO [data_loader] ============================================================
2026-03-12 17:47:15,446 INFO [data_loader] Loading NETWORK_ELEMENT...
2026-03-12 17:47:16,384 INFO [data_loader]   Loaded 57,705 network elements
2026-03-12 17:47:16,498 INFO [data_loader]   Saved 57,705 rows → /Users/ent-00379/Downloads/idea/pipeline/data/processed/network_elements.pkl
2026-03-12 17:47:16,498 INFO [data_loader] Loading topology links...
2026-03-12 17:47:16,506 INFO [data_loader]   BGP links: 2,076
2026-03-12 17:47:16,514 INFO [data_loader]   LLDP links: 1,581
2026-03-12 17:47:16,520 INFO [data_loader]   OSPF links: 1,138
2026-03-12 17:47:16,524 INFO [data_loader]   ISIS links: 294
2026-03-12 17:47:16,530 INFO [data_loader]   PRV_ISIS links: 1,123
2026-03-12 17:47:16,532 INFO [data_loader]   Total links: 3,530
2026-03-12 17:47:16,533 INFO [data_loader]   Saved → /Users/ent-00379/Downloads/idea/pipeline/data/processed/topology_links.pkl
2026-03-12 17:47:16,533 INFO [data_loader] Loading KPI definitions (optional)...
2026-03-12 17:47:16,535 WARNING [data_loader]   KPI_FORMULA not available: Execution failed on sql 'SELECT * FROM KPI_FORMULA': (pymysql.err.ProgrammingError) (1146, "Table 'railtel.kpi_formula' doesn't exist")
[SQL: SELECT * FROM KPI_FORMULA]
(Background on this error at: https://sqlalche.me/e/20/f405)
2026-03-12 17:47:16,536 WARNING [data_loader]   KPI_COUNTER not available: Execution failed on sql 'SELECT * FROM KPI_COUNTER': (pymysql.err.ProgrammingError) (1146, "Table 'railtel.kpi_counter' doesn't exist")
[SQL: SELECT * FROM KPI_COUNTER]
(Background on this error at: https://sqlalche.me/e/20/f405)
2026-03-12 17:47:16,536 INFO [data_loader] Loading ALARM_LIBRARY (alarm catalog)...
2026-03-12 17:47:16,579 INFO [data_loader]   Alarm library: 3,664 alarm definitions
2026-03-12 17:47:16,582 INFO [data_loader] Loading alarm events...
2026-03-12 17:47:16,582 INFO [alarm_config] Inspecting ALARM table: ALARM ...
2026-03-12 17:47:16,583 ERROR [alarm_config]   Cannot read table ALARM: Execution failed on sql 'SELECT * FROM ALARM LIMIT 1': (pymysql.err.ProgrammingError) (1146, "Table 'railtel.alarm' doesn't exist")
[SQL: SELECT * FROM ALARM LIMIT 1]
(Background on this error at: https://sqlalche.me/e/20/f405)
2026-03-12 17:47:16,583 WARNING [data_loader]   No alarm events table found: Execution failed on sql '
        SELECT
               NE_ID_FK         AS ne_id,
       ALARM_CODE         AS alarm_code,
       SEVERITY         AS severity,
       ALARM_TIME         AS timestamp,
       ROOT_CAUSE         AS root_cause,
       STATUS         AS status,
       CLEAR_TIME         AS clear_time
        FROM   ALARM
        
        ORDER BY ALARM_TIME
    ': (pymysql.err.ProgrammingError) (1146, "Table 'railtel.alarm' doesn't exist")
[SQL: 
        SELECT
               NE_ID_FK         AS ne_id,
       ALARM_CODE         AS alarm_code,
       SEVERITY         AS severity,
       ALARM_TIME         AS timestamp,
       ROOT_CAUSE         AS root_cause,
       STATUS         AS status,
       CLEAR_TIME         AS clear_time
        FROM   ALARM
        
        ORDER BY ALARM_TIME
    ]
(Background on this error at: https://sqlalche.me/e/20/f405)
2026-03-12 17:47:16,583 INFO [data_loader]   Using ALARM_LIBRARY catalog for alarm code seeding.
2026-03-12 17:47:16,583 INFO [data_loader]   Training models will use synthetic alarm events (realistic patterns).
2026-03-12 17:47:16,584 INFO [data_loader] 
============================================================
2026-03-12 17:47:16,584 INFO [data_loader] DATA LOAD SUMMARY
2026-03-12 17:47:16,584 INFO [data_loader] ============================================================
2026-03-12 17:47:16,584 INFO [data_loader]   Network Elements :     57,705
2026-03-12 17:47:16,584 INFO [data_loader]   Topology Links   :      3,530
2026-03-12 17:47:16,584 INFO [data_loader]   KPI Formulas     :          0
2026-03-12 17:47:16,584 INFO [data_loader]   KPI Counters     :          0
2026-03-12 17:47:16,584 INFO [data_loader]   Alarm Library    :      3,664  (catalog, not events)
2026-03-12 17:47:16,584 INFO [data_loader]   Alarm Events     :          0
2026-03-12 17:47:16,584 INFO [data_loader]   Labelled Alarms  :          0  (for root cause training)
2026-03-12 17:47:16,584 INFO [data_loader]   Inventory Items  :          0
2026-03-12 17:47:16,584 WARNING [data_loader] 
  NOTE: No labelled alarm events → root cause model uses synthetic data.
2026-03-12 17:47:16,584 WARNING [data_loader]   Models will still be accurate: synthetic events derived from real NE topology.
2026-03-12 17:47:16,584 INFO [data_loader] ============================================================
2026-03-12 17:47:16,584 INFO [run_pipeline]   Done in 1.5s
2026-03-12 17:47:16,584 INFO [run_pipeline] 
─────────────────────────────────────────────────────────────────
2026-03-12 17:47:16,584 INFO [run_pipeline]   Step 2/5: Build ML features
2026-03-12 17:47:16,584 INFO [run_pipeline] ─────────────────────────────────────────────────────────────────
2026-03-12 17:47:17,344 INFO [feature_builder] 
==================================================
2026-03-12 17:47:17,344 INFO [feature_builder] Building master feature set...
2026-03-12 17:47:17,344 INFO [feature_builder] ==================================================
2026-03-12 17:47:17,344 INFO [feature_builder] Building NE static features...
2026-03-12 17:47:17,405 INFO [feature_builder]   NE static features: 56 columns
2026-03-12 17:47:17,406 INFO [feature_builder] Building graph topology features...
2026-03-12 17:47:18,250 INFO [feature_builder]   Graph: 57,705 nodes, 1,344 edges
2026-03-12 17:47:18,256 INFO [feature_builder]   Computing betweenness centrality (k=500)...
2026-03-12 17:47:22,199 INFO [feature_builder]   Computing clustering coefficients...
2026-03-12 17:47:22,341 INFO [feature_builder]   Graph features built for 57,705 nodes
2026-03-12 17:47:22,341 INFO [feature_builder] Building ISIS link health features per NE...
2026-03-12 17:47:22,354 INFO [feature_builder]   ISIS health features for 158 NEs
2026-03-12 17:47:22,354 INFO [feature_builder] Building hierarchy depth features...
2026-03-12 17:47:22,361 INFO [feature_builder]   Computing hierarchy depths (this may take a moment)...
2026-03-12 17:47:22,402 INFO [feature_builder]   Max hierarchy depth: 1
2026-03-12 17:47:22,406 INFO [feature_builder] 
Master feature set: 57,705 NEs × 82 features
2026-03-12 17:47:22,480 INFO [feature_builder] Saved to /Users/ent-00379/Downloads/idea/pipeline/data/processed/master_features.pkl
2026-03-12 17:47:22,480 INFO [run_pipeline]   Done in 5.9s  (57,705 NEs × 82 features)
2026-03-12 17:47:22,480 INFO [run_pipeline] 
─────────────────────────────────────────────────────────────────
2026-03-12 17:47:22,480 INFO [run_pipeline]   Step 3/5: Train Root Cause Classifier (XGBoost → ONNX)
2026-03-12 17:47:22,480 INFO [run_pipeline] ─────────────────────────────────────────────────────────────────
2026-03-12 17:47:22,585 INFO [train_root_cause] Preparing training data...
2026-03-12 17:47:22,585 WARNING [train_root_cause] No alarm data — generating synthetic training data for demo
2026-03-12 17:47:22,585 INFO [train_root_cause] Generating 50,000 synthetic training samples...
2026-03-12 17:47:23,882 INFO [train_root_cause]   Root cause distribution:
CONFIGURATION_ERROR    12359
BACKHAUL_ISSUE         10053
POWER_ISSUE            10041
HARDWARE_FAILURE        9939
UNKNOWN                 7559
LINK_CONGESTION           21
PACKET_LOSS               13
INTERFACE_ERROR            8
LATENCY_HIGH               7
Name: count, dtype: int64
2026-03-12 17:47:23,882 INFO [train_root_cause] 
==================================================
2026-03-12 17:47:23,882 INFO [train_root_cause] TRAINING ROOT CAUSE CLASSIFIER
2026-03-12 17:47:23,883 INFO [train_root_cause] ==================================================
2026-03-12 17:47:23,883 INFO [train_root_cause] Using 41 features
2026-03-12 17:47:23,893 INFO [train_root_cause] Classes (9): [np.str_('BACKHAUL_ISSUE'), np.str_('CONFIGURATION_ERROR'), np.str_('HARDWARE_FAILURE'), np.str_('INTERFACE_ERROR'), np.str_('LATENCY_HIGH'), np.str_('LINK_CONGESTION'), np.str_('PACKET_LOSS'), np.str_('POWER_ISSUE'), np.str_('UNKNOWN')]
2026-03-12 17:47:23,911 INFO [train_root_cause] Train: 40,000  Test: 10,000
2026-03-12 17:47:23,911 INFO [train_root_cause] Training XGBoost model...
2026-03-12 17:47:24,470 INFO [train_root_cause] 
Classification Report:
2026-03-12 17:47:24,474 INFO [train_root_cause]                      precision    recall  f1-score   support

     BACKHAUL_ISSUE       0.27      0.00      0.00      2011
CONFIGURATION_ERROR       0.25      0.99      0.39      2472
   HARDWARE_FAILURE       0.50      0.00      0.00      1988
    INTERFACE_ERROR       0.00      0.00      0.00         1
       LATENCY_HIGH       0.00      0.00      0.00         1
    LINK_CONGESTION       0.00      0.00      0.00         4
        PACKET_LOSS       0.00      0.00      0.00         3
        POWER_ISSUE       0.05      0.00      0.00      2008
            UNKNOWN       0.00      0.00      0.00      1512

           accuracy                           0.25     10000
          macro avg       0.12      0.11      0.04     10000
       weighted avg       0.23      0.25      0.10     10000

2026-03-12 17:47:24,474 INFO [train_root_cause] 
Overall Accuracy: 0.246
2026-03-12 17:47:24,475 INFO [train_root_cause] 
Top 15 Most Important Features:
2026-03-12 17:47:24,477 INFO [train_root_cause]                   feature  importance
37      LINK_HEALTH_SCORE    0.133532
29    SRC_MAX_UTILIZATION    0.132249
30    SRC_AVG_UTILIZATION    0.100008
20            BETWEENNESS    0.091837
25             TOPO_LAYER    0.055378
8         ADMIN_STATE_ENC    0.052562
23                IS_LEAF    0.044978
22         COMPONENT_SIZE    0.040735
24            IS_ISOLATED    0.039435
9             NE_AGE_DAYS    0.036911
35    DST_MAX_UTILIZATION    0.035673
21        CLUSTERING_COEF    0.033294
5   OPERATIONAL_STATE_ENC    0.030273
0             NE_TYPE_ENC    0.028862
4           NE_STATUS_ENC    0.028371
2026-03-12 17:47:24,480 INFO [train_root_cause] 
Model saved to /Users/ent-00379/Downloads/idea/pipeline/data/models/
2026-03-12 17:47:24,481 INFO [train_root_cause] 
Exporting model to ONNX...
2026-03-12 17:47:24,547 INFO [train_root_cause] ONNX model saved: /Users/ent-00379/Downloads/idea/pipeline/data/models/root_cause_classifier.onnx
2026-03-12 17:47:24,547 INFO [train_root_cause]   Input:  [None, 41] float32
2026-03-12 17:47:24,547 INFO [train_root_cause]   Output: [None, 9] float32 (class probabilities)
2026-03-12 17:47:24,547 INFO [train_root_cause]   File size: 198.0 KB
2026-03-12 17:47:24,547 INFO [run_pipeline]   Done in 2.1s  accuracy=0.246
2026-03-12 17:47:24,547 INFO [run_pipeline] 
─────────────────────────────────────────────────────────────────
2026-03-12 17:47:24,547 INFO [run_pipeline]   Step 4/5: Train Alarm Propagation model
2026-03-12 17:47:24,547 INFO [run_pipeline] ─────────────────────────────────────────────────────────────────
2026-03-12 17:47:24,547 INFO [train_propagation] Building alarm sequences...
2026-03-12 17:47:24,547 WARNING [train_propagation] No alarm data — generating synthetic sequences
2026-03-12 17:47:25,100 INFO [train_propagation]   Generated 10,000 synthetic alarm sequences
2026-03-12 17:47:25,100 INFO [train_propagation] Learning alarm propagation rules...
2026-03-12 17:47:25,179 INFO [train_propagation]   Learned 57 propagation rules
2026-03-12 17:47:25,179 INFO [train_propagation]   Covering 28 root alarms
2026-03-12 17:47:25,180 INFO [train_propagation]   High confidence rules (≥70%): 18
2026-03-12 17:47:25,181 INFO [train_propagation] Rules saved to /Users/ent-00379/Downloads/idea/pipeline/data/models/alarm_propagation_rules.json
2026-03-12 17:47:25,181 INFO [train_propagation] File size: 14.3 KB
2026-03-12 17:47:25,181 INFO [run_pipeline]   Done in 0.6s  57 rules
2026-03-12 17:47:25,181 INFO [run_pipeline] 
─────────────────────────────────────────────────────────────────
2026-03-12 17:47:25,181 INFO [run_pipeline]   Step 5/5: Train KPI Anomaly Detector (IsolationForest → ONNX)
2026-03-12 17:47:25,181 INFO [run_pipeline] ─────────────────────────────────────────────────────────────────
2026-03-12 17:47:44,408 INFO [run_pipeline]   No KPI history found — generating synthetic data...
2026-03-12 17:47:44,408 INFO [train_anomaly] Generating KPI data: 1000 NEs × 720 hours...
2026-03-12 17:47:49,889 INFO [train_anomaly]   Generated 720,000 KPI measurements (36,130 anomalies = 5.0%)
2026-03-12 17:47:49,982 INFO [train_anomaly] Computing window features...
2026-03-12 17:49:07,851 INFO [run_pipeline] ======================================================================
2026-03-12 17:49:07,851 INFO [run_pipeline] NOC ML PIPELINE — FULL TRAINING
2026-03-12 17:49:07,851 INFO [run_pipeline] ======================================================================
2026-03-12 17:49:07,851 INFO [run_pipeline] 
─────────────────────────────────────────────────────────────────
2026-03-12 17:49:07,851 INFO [run_pipeline]   Step 1/5: Load data from MySQL
2026-03-12 17:49:07,851 INFO [run_pipeline] ─────────────────────────────────────────────────────────────────
2026-03-12 17:49:08,216 INFO [data_loader] ============================================================
2026-03-12 17:49:08,216 INFO [data_loader] NOC PIPELINE — DATA LOADING
2026-03-12 17:49:08,216 INFO [data_loader]   DB: localhost/railtel
2026-03-12 17:49:08,216 INFO [data_loader] ============================================================
2026-03-12 17:49:08,216 INFO [data_loader] Loading NETWORK_ELEMENT...
2026-03-12 17:49:09,158 INFO [data_loader]   Loaded 57,705 network elements
2026-03-12 17:49:09,264 INFO [data_loader]   Saved 57,705 rows → /Users/ent-00379/Downloads/idea/pipeline/data/processed/network_elements.pkl
2026-03-12 17:49:09,264 INFO [data_loader] Loading topology links...
2026-03-12 17:49:09,274 INFO [data_loader]   BGP links: 2,076
2026-03-12 17:49:09,280 INFO [data_loader]   LLDP links: 1,581
2026-03-12 17:49:09,286 INFO [data_loader]   OSPF links: 1,138
2026-03-12 17:49:09,291 INFO [data_loader]   ISIS links: 294
2026-03-12 17:49:09,297 INFO [data_loader]   PRV_ISIS links: 1,123
2026-03-12 17:49:09,299 INFO [data_loader]   Total links: 3,530
2026-03-12 17:49:09,300 INFO [data_loader]   Saved → /Users/ent-00379/Downloads/idea/pipeline/data/processed/topology_links.pkl
2026-03-12 17:49:09,300 INFO [data_loader] Loading KPI definitions (optional)...
2026-03-12 17:49:09,303 WARNING [data_loader]   KPI_FORMULA not available: Execution failed on sql 'SELECT * FROM KPI_FORMULA': (pymysql.err.ProgrammingError) (1146, "Table 'railtel.kpi_formula' doesn't exist")
[SQL: SELECT * FROM KPI_FORMULA]
(Background on this error at: https://sqlalche.me/e/20/f405)
2026-03-12 17:49:09,303 WARNING [data_loader]   KPI_COUNTER not available: Execution failed on sql 'SELECT * FROM KPI_COUNTER': (pymysql.err.ProgrammingError) (1146, "Table 'railtel.kpi_counter' doesn't exist")
[SQL: SELECT * FROM KPI_COUNTER]
(Background on this error at: https://sqlalche.me/e/20/f405)
2026-03-12 17:49:09,304 INFO [data_loader] Loading ALARM_LIBRARY (alarm catalog)...
2026-03-12 17:49:09,347 INFO [data_loader]   Alarm library: 3,664 alarm definitions
2026-03-12 17:49:09,350 INFO [data_loader] Loading alarm events...
2026-03-12 17:49:09,350 INFO [alarm_config] Inspecting ALARM table: ALARM ...
2026-03-12 17:49:09,351 ERROR [alarm_config]   Cannot read table ALARM: Execution failed on sql 'SELECT * FROM ALARM LIMIT 1': (pymysql.err.ProgrammingError) (1146, "Table 'railtel.alarm' doesn't exist")
[SQL: SELECT * FROM ALARM LIMIT 1]
(Background on this error at: https://sqlalche.me/e/20/f405)
2026-03-12 17:49:09,351 WARNING [data_loader]   No alarm events table found: Execution failed on sql '
        SELECT
               NE_ID_FK         AS ne_id,
       ALARM_CODE         AS alarm_code,
       SEVERITY         AS severity,
       ALARM_TIME         AS timestamp,
       ROOT_CAUSE         AS root_cause,
       STATUS         AS status,
       CLEAR_TIME         AS clear_time
        FROM   ALARM
        
        ORDER BY ALARM_TIME
    ': (pymysql.err.ProgrammingError) (1146, "Table 'railtel.alarm' doesn't exist")
[SQL: 
        SELECT
               NE_ID_FK         AS ne_id,
       ALARM_CODE         AS alarm_code,
       SEVERITY         AS severity,
       ALARM_TIME         AS timestamp,
       ROOT_CAUSE         AS root_cause,
       STATUS         AS status,
       CLEAR_TIME         AS clear_time
        FROM   ALARM
        
        ORDER BY ALARM_TIME
    ]
(Background on this error at: https://sqlalche.me/e/20/f405)
2026-03-12 17:49:09,351 INFO [data_loader]   Using ALARM_LIBRARY catalog for alarm code seeding.
2026-03-12 17:49:09,351 INFO [data_loader]   Training models will use synthetic alarm events (realistic patterns).
2026-03-12 17:49:09,351 INFO [data_loader] 
============================================================
2026-03-12 17:49:09,351 INFO [data_loader] DATA LOAD SUMMARY
2026-03-12 17:49:09,351 INFO [data_loader] ============================================================
2026-03-12 17:49:09,351 INFO [data_loader]   Network Elements :     57,705
2026-03-12 17:49:09,352 INFO [data_loader]   Topology Links   :      3,530
2026-03-12 17:49:09,352 INFO [data_loader]   KPI Formulas     :          0
2026-03-12 17:49:09,352 INFO [data_loader]   KPI Counters     :          0
2026-03-12 17:49:09,352 INFO [data_loader]   Alarm Library    :      3,664  (catalog, not events)
2026-03-12 17:49:09,352 INFO [data_loader]   Alarm Events     :          0
2026-03-12 17:49:09,352 INFO [data_loader]   Labelled Alarms  :          0  (for root cause training)
2026-03-12 17:49:09,352 INFO [data_loader]   Inventory Items  :          0
2026-03-12 17:49:09,352 WARNING [data_loader] 
  NOTE: No labelled alarm events → root cause model uses synthetic data.
2026-03-12 17:49:09,352 WARNING [data_loader]   Models will still be accurate: synthetic events derived from real NE topology.
2026-03-12 17:49:09,352 INFO [data_loader] ============================================================
2026-03-12 17:49:09,352 INFO [run_pipeline]   Done in 1.5s
2026-03-12 17:49:09,352 INFO [run_pipeline] 
─────────────────────────────────────────────────────────────────
2026-03-12 17:49:09,352 INFO [run_pipeline]   Step 2/5: Build ML features
2026-03-12 17:49:09,352 INFO [run_pipeline] ─────────────────────────────────────────────────────────────────
2026-03-12 17:49:10,107 INFO [feature_builder] 
==================================================
2026-03-12 17:49:10,107 INFO [feature_builder] Building master feature set...
2026-03-12 17:49:10,107 INFO [feature_builder] ==================================================
2026-03-12 17:49:10,107 INFO [feature_builder] Building NE static features...
2026-03-12 17:49:10,170 INFO [feature_builder]   NE static features: 56 columns
2026-03-12 17:49:10,170 INFO [feature_builder] Building graph topology features...
2026-03-12 17:49:11,017 INFO [feature_builder]   Graph: 57,705 nodes, 1,344 edges
2026-03-12 17:49:11,023 INFO [feature_builder]   Computing betweenness centrality (k=500)...
2026-03-12 17:49:14,896 INFO [feature_builder]   Computing clustering coefficients...
2026-03-12 17:49:15,038 INFO [feature_builder]   Graph features built for 57,705 nodes
2026-03-12 17:49:15,038 INFO [feature_builder] Building ISIS link health features per NE...
2026-03-12 17:49:15,051 INFO [feature_builder]   ISIS health features for 158 NEs
2026-03-12 17:49:15,051 INFO [feature_builder] Building hierarchy depth features...
2026-03-12 17:49:15,058 INFO [feature_builder]   Computing hierarchy depths (this may take a moment)...
2026-03-12 17:49:15,098 INFO [feature_builder]   Max hierarchy depth: 1
2026-03-12 17:49:15,102 INFO [feature_builder] 
Master feature set: 57,705 NEs × 82 features
2026-03-12 17:49:15,184 INFO [feature_builder] Saved to /Users/ent-00379/Downloads/idea/pipeline/data/processed/master_features.pkl
2026-03-12 17:49:15,184 INFO [run_pipeline]   Done in 5.8s  (57,705 NEs × 82 features)
2026-03-12 17:49:15,184 INFO [run_pipeline] 
─────────────────────────────────────────────────────────────────
2026-03-12 17:49:15,184 INFO [run_pipeline]   Step 3/5: Train Root Cause Classifier (XGBoost → ONNX)
2026-03-12 17:49:15,184 INFO [run_pipeline] ─────────────────────────────────────────────────────────────────
2026-03-12 17:49:15,313 INFO [train_root_cause] Preparing training data...
2026-03-12 17:49:15,313 WARNING [train_root_cause] No alarm data — generating synthetic training data for demo
2026-03-12 17:49:15,313 INFO [train_root_cause] Generating 50,000 synthetic training samples...
2026-03-12 17:49:16,607 INFO [train_root_cause]   Root cause distribution:
CONFIGURATION_ERROR    12449
HARDWARE_FAILURE       10069
POWER_ISSUE            10002
BACKHAUL_ISSUE          9988
UNKNOWN                 7455
LINK_CONGESTION           15
LATENCY_HIGH               9
INTERFACE_ERROR            8
PACKET_LOSS                5
Name: count, dtype: int64
2026-03-12 17:49:16,608 INFO [train_root_cause] 
==================================================
2026-03-12 17:49:16,608 INFO [train_root_cause] TRAINING ROOT CAUSE CLASSIFIER
2026-03-12 17:49:16,608 INFO [train_root_cause] ==================================================
2026-03-12 17:49:16,608 INFO [train_root_cause] Using 41 features
2026-03-12 17:49:16,619 INFO [train_root_cause] Classes (9): [np.str_('BACKHAUL_ISSUE'), np.str_('CONFIGURATION_ERROR'), np.str_('HARDWARE_FAILURE'), np.str_('INTERFACE_ERROR'), np.str_('LATENCY_HIGH'), np.str_('LINK_CONGESTION'), np.str_('PACKET_LOSS'), np.str_('POWER_ISSUE'), np.str_('UNKNOWN')]
2026-03-12 17:49:16,635 INFO [train_root_cause] Train: 40,000  Test: 10,000
2026-03-12 17:49:16,635 INFO [train_root_cause] Training XGBoost model...
2026-03-12 17:49:17,298 INFO [train_root_cause] 
Classification Report:
2026-03-12 17:49:17,302 INFO [train_root_cause]                      precision    recall  f1-score   support

     BACKHAUL_ISSUE       0.20      0.00      0.00      1998
CONFIGURATION_ERROR       0.25      0.99      0.40      2490
   HARDWARE_FAILURE       0.32      0.01      0.02      2014
    INTERFACE_ERROR       0.00      0.00      0.00         1
       LATENCY_HIGH       0.00      0.00      0.00         2
    LINK_CONGESTION       0.00      0.00      0.00         3
        PACKET_LOSS       0.00      0.00      0.00         1
        POWER_ISSUE       0.12      0.00      0.00      2000
            UNKNOWN       0.00      0.00      0.00      1491

           accuracy                           0.25     10000
          macro avg       0.10      0.11      0.05     10000
       weighted avg       0.19      0.25      0.10     10000

2026-03-12 17:49:17,302 INFO [train_root_cause] 
Overall Accuracy: 0.249
2026-03-12 17:49:17,303 INFO [train_root_cause] 
Top 15 Most Important Features:
2026-03-12 17:49:17,304 INFO [train_root_cause]                   feature  importance
37      LINK_HEALTH_SCORE    0.123649
29    SRC_MAX_UTILIZATION    0.112169
30    SRC_AVG_UTILIZATION    0.097593
25             TOPO_LAYER    0.062477
3              DOMAIN_ENC    0.060375
23                IS_LEAF    0.046811
26        HIERARCHY_DEPTH    0.046070
9             NE_AGE_DAYS    0.045233
8         ADMIN_STATE_ENC    0.043219
35    DST_MAX_UTILIZATION    0.039896
22         COMPONENT_SIZE    0.038224
5   OPERATIONAL_STATE_ENC    0.037530
19           GRAPH_DEGREE    0.034539
24            IS_ISOLATED    0.034488
2              VENDOR_ENC    0.033086
2026-03-12 17:49:17,308 INFO [train_root_cause] 
Model saved to /Users/ent-00379/Downloads/idea/pipeline/data/models/
2026-03-12 17:49:17,308 INFO [train_root_cause] 
Exporting model to ONNX...
2026-03-12 17:49:17,391 INFO [train_root_cause] ONNX model saved: /Users/ent-00379/Downloads/idea/pipeline/data/models/root_cause_classifier.onnx
2026-03-12 17:49:17,391 INFO [train_root_cause]   Input:  [None, 41] float32
2026-03-12 17:49:17,391 INFO [train_root_cause]   Output: [None, 9] float32 (class probabilities)
2026-03-12 17:49:17,391 INFO [train_root_cause]   File size: 299.3 KB
2026-03-12 17:49:17,391 INFO [run_pipeline]   Done in 2.2s  accuracy=0.249
2026-03-12 17:49:17,391 INFO [run_pipeline] 
─────────────────────────────────────────────────────────────────
2026-03-12 17:49:17,391 INFO [run_pipeline]   Step 4/5: Train Alarm Propagation model
2026-03-12 17:49:17,391 INFO [run_pipeline] ─────────────────────────────────────────────────────────────────
2026-03-12 17:49:17,392 INFO [train_propagation] Building alarm sequences...
2026-03-12 17:49:17,392 WARNING [train_propagation] No alarm data — generating synthetic sequences
2026-03-12 17:49:17,938 INFO [train_propagation]   Generated 10,000 synthetic alarm sequences
2026-03-12 17:49:17,939 INFO [train_propagation] Learning alarm propagation rules...
2026-03-12 17:49:18,014 INFO [train_propagation]   Learned 58 propagation rules
2026-03-12 17:49:18,014 INFO [train_propagation]   Covering 28 root alarms
2026-03-12 17:49:18,014 INFO [train_propagation]   High confidence rules (≥70%): 17
2026-03-12 17:49:18,015 INFO [train_propagation] Rules saved to /Users/ent-00379/Downloads/idea/pipeline/data/models/alarm_propagation_rules.json
2026-03-12 17:49:18,015 INFO [train_propagation] File size: 14.6 KB
2026-03-12 17:49:18,015 INFO [run_pipeline]   Done in 0.6s  58 rules
2026-03-12 17:49:18,015 INFO [run_pipeline] 
─────────────────────────────────────────────────────────────────
2026-03-12 17:49:18,015 INFO [run_pipeline]   Step 5/5: Train KPI Anomaly Detector (IsolationForest → ONNX)
2026-03-12 17:49:18,015 INFO [run_pipeline] ─────────────────────────────────────────────────────────────────
2026-03-12 17:49:18,330 INFO [run_pipeline]   Using existing KPI history from disk...
2026-03-12 17:49:18,337 INFO [train_anomaly] Computing window features...
2026-03-12 17:51:59,489 INFO [train_anomaly]   Computed 720,000 feature rows
2026-03-12 17:51:59,598 INFO [train_anomaly] 
==================================================
2026-03-12 17:51:59,598 INFO [train_anomaly] TRAINING KPI ANOMALY DETECTOR
2026-03-12 17:51:59,598 INFO [train_anomaly] ==================================================
2026-03-12 17:51:59,598 INFO [train_anomaly] Using features: ['kpi_mean', 'kpi_std', 'kpi_min', 'kpi_max', 'kpi_trend', 'kpi_pct_change_1h', 'kpi_pct_change_24h', 'kpi_z_score', 'kpi_above_threshold', 'hour_of_day', 'day_of_week', 'is_peak_hour', 'NE_TYPE_ENC', 'TECHNOLOGY_ENC', 'TOPO_LAYER', 'GRAPH_DEGREE']
2026-03-12 17:51:59,617 INFO [train_anomaly] Contamination rate: 0.070
2026-03-12 17:51:59,617 INFO [train_anomaly] Training Isolation Forest...
2026-03-12 17:52:06,961 INFO [train_anomaly] 
Anomaly Detection Performance:
2026-03-12 17:52:06,961 INFO [train_anomaly]   Precision : 0.371
2026-03-12 17:52:06,961 INFO [train_anomaly]   Recall    : 0.519
2026-03-12 17:52:06,961 INFO [train_anomaly]   F1 Score  : 0.433
2026-03-12 17:52:06,971 INFO [train_anomaly] Model saved to /Users/ent-00379/Downloads/idea/pipeline/data/models/kpi_anomaly_detector.pkl
2026-03-12 17:52:06,971 INFO [train_anomaly] Exporting anomaly detector to ONNX...
2026-03-12 17:52:10,861 WARNING [train_anomaly] ONNX export failed (The model is using version 4 of domain 'ai.onnx.ml' not supported yet by this library. You need to specify target_opset={'ai.onnx.ml': 3}.), using pickle fallback
2026-03-12 17:52:10,872 INFO [run_pipeline]   Done in 172.9s
2026-03-12 17:52:10,873 INFO [run_pipeline] 
─────────────────────────────────────────────────────────────────
2026-03-12 17:52:10,873 INFO [run_pipeline]   Deploying models to deploy/ folder
2026-03-12 17:52:10,873 INFO [run_pipeline] ─────────────────────────────────────────────────────────────────
2026-03-12 17:52:10,875 INFO [run_pipeline]   Deployed: root_cause_classifier.onnx
2026-03-12 17:52:10,876 INFO [run_pipeline]   Deployed: alarm_propagation_rules.json
2026-03-12 17:52:10,876 INFO [run_pipeline]   Deployed: root_cause_features.json
2026-03-12 17:52:10,877 INFO [run_pipeline]   Deployed: root_cause_labels.json
2026-03-12 17:52:10,877 INFO [run_pipeline]   Deployed: kpi_anomaly_features.json
2026-03-12 17:52:10,877 INFO [run_pipeline]   manifest.json written (version=1773318130)
2026-03-12 17:52:10,877 INFO [run_pipeline] 
======================================================================
2026-03-12 17:52:10,877 INFO [run_pipeline] PIPELINE COMPLETE
2026-03-12 17:52:10,877 INFO [run_pipeline] ======================================================================
2026-03-12 17:52:10,877 INFO [run_pipeline]   Total time          : 183.0s
2026-03-12 17:52:10,877 INFO [run_pipeline]   Root cause accuracy : 0.249
2026-03-12 17:52:10,877 INFO [run_pipeline]   Propagation rules   : 58
2026-03-12 17:52:10,877 INFO [run_pipeline]   Models deployed     : 5
2026-03-12 17:52:10,877 INFO [run_pipeline] 
  Models in          : /Users/ent-00379/Downloads/idea/pipeline/data/models/deploy/
2026-03-12 17:52:10,877 INFO [run_pipeline]   Spring Boot reads from this folder automatically (manifest.json watcher)
2026-03-12 17:52:10,877 INFO [run_pipeline] ======================================================================
2026-03-12 17:54:29,351 INFO [run_pipeline] ======================================================================
2026-03-12 17:54:29,351 INFO [run_pipeline] NOC ML PIPELINE — FULL TRAINING
2026-03-12 17:54:29,351 INFO [run_pipeline] ======================================================================
2026-03-12 17:54:29,351 INFO [run_pipeline] 
─────────────────────────────────────────────────────────────────
2026-03-12 17:54:29,351 INFO [run_pipeline]   Step 1/5: Load data from MySQL
2026-03-12 17:54:29,351 INFO [run_pipeline] ─────────────────────────────────────────────────────────────────
2026-03-12 17:54:29,708 INFO [data_loader] ============================================================
2026-03-12 17:54:29,708 INFO [data_loader] NOC PIPELINE — DATA LOADING
2026-03-12 17:54:29,708 INFO [data_loader]   DB: localhost/railtel
2026-03-12 17:54:29,708 INFO [data_loader] ============================================================
2026-03-12 17:54:29,708 INFO [data_loader] Loading NETWORK_ELEMENT...
2026-03-12 17:54:30,577 INFO [data_loader]   Loaded 57,705 network elements
2026-03-12 17:54:30,694 INFO [data_loader]   Saved 57,705 rows → /Users/ent-00379/Downloads/idea/pipeline/data/processed/network_elements.pkl
2026-03-12 17:54:30,694 INFO [data_loader] Loading topology links...
2026-03-12 17:54:30,703 INFO [data_loader]   BGP links: 2,076
2026-03-12 17:54:30,710 INFO [data_loader]   LLDP links: 1,581
2026-03-12 17:54:30,716 INFO [data_loader]   OSPF links: 1,138
2026-03-12 17:54:30,721 INFO [data_loader]   ISIS links: 294
2026-03-12 17:54:30,727 INFO [data_loader]   PRV_ISIS links: 1,123
2026-03-12 17:54:30,729 INFO [data_loader]   Total links: 3,530
2026-03-12 17:54:30,730 INFO [data_loader]   Saved → /Users/ent-00379/Downloads/idea/pipeline/data/processed/topology_links.pkl
2026-03-12 17:54:30,730 INFO [data_loader] Loading KPI definitions (optional)...
2026-03-12 17:54:30,732 WARNING [data_loader]   KPI_FORMULA not available: Execution failed on sql 'SELECT * FROM KPI_FORMULA': (pymysql.err.ProgrammingError) (1146, "Table 'railtel.kpi_formula' doesn't exist")
[SQL: SELECT * FROM KPI_FORMULA]
(Background on this error at: https://sqlalche.me/e/20/f405)
2026-03-12 17:54:30,733 WARNING [data_loader]   KPI_COUNTER not available: Execution failed on sql 'SELECT * FROM KPI_COUNTER': (pymysql.err.ProgrammingError) (1146, "Table 'railtel.kpi_counter' doesn't exist")
[SQL: SELECT * FROM KPI_COUNTER]
(Background on this error at: https://sqlalche.me/e/20/f405)
2026-03-12 17:54:30,733 INFO [data_loader] Loading ALARM_LIBRARY (alarm catalog)...
2026-03-12 17:54:30,777 INFO [data_loader]   Alarm library: 3,664 alarm definitions
2026-03-12 17:54:30,780 INFO [data_loader] Loading alarm events...
2026-03-12 17:54:30,781 INFO [alarm_config] Inspecting ALARM table: ALARM ...
2026-03-12 17:54:30,781 ERROR [alarm_config]   Cannot read table ALARM: Execution failed on sql 'SELECT * FROM ALARM LIMIT 1': (pymysql.err.ProgrammingError) (1146, "Table 'railtel.alarm' doesn't exist")
[SQL: SELECT * FROM ALARM LIMIT 1]
(Background on this error at: https://sqlalche.me/e/20/f405)
2026-03-12 17:54:30,782 WARNING [data_loader]   No alarm events table found: Execution failed on sql '
        SELECT
               NE_ID_FK         AS ne_id,
       ALARM_CODE         AS alarm_code,
       SEVERITY         AS severity,
       ALARM_TIME         AS timestamp,
       ROOT_CAUSE         AS root_cause,
       STATUS         AS status,
       CLEAR_TIME         AS clear_time
        FROM   ALARM
        
        ORDER BY ALARM_TIME
    ': (pymysql.err.ProgrammingError) (1146, "Table 'railtel.alarm' doesn't exist")
[SQL: 
        SELECT
               NE_ID_FK         AS ne_id,
       ALARM_CODE         AS alarm_code,
       SEVERITY         AS severity,
       ALARM_TIME         AS timestamp,
       ROOT_CAUSE         AS root_cause,
       STATUS         AS status,
       CLEAR_TIME         AS clear_time
        FROM   ALARM
        
        ORDER BY ALARM_TIME
    ]
(Background on this error at: https://sqlalche.me/e/20/f405)
2026-03-12 17:54:30,782 INFO [data_loader]   Using ALARM_LIBRARY catalog for alarm code seeding.
2026-03-12 17:54:30,782 INFO [data_loader]   Training models will use synthetic alarm events (realistic patterns).
2026-03-12 17:54:30,782 INFO [data_loader] Loading NETWORK_INVENTORY (chunked)...
2026-03-12 17:54:30,783 WARNING [data_loader]   NETWORK_INVENTORY not available: Execution failed on sql '
        SELECT ID, NAME, NI_TYPE, TECHNOLOGY, VENDOR,
               STATUS, STATE, DOMAIN, SOFTWARE_VERSION,
               IS_VIRTUAL, CATEGORY, ROLE,
               NETWORK_ELEMENT_ID_FK,
               PARENT_NETWORK_INVENTORY_ID_FK,
               KERNEL_VERSION, FIRMWARE, BIOS_VERSION
        FROM NETWORK_INVENTORY
        WHERE IS_DELETED = 0
    ': (pymysql.err.ProgrammingError) (1146, "Table 'railtel.network_inventory' doesn't exist")
[SQL: 
        SELECT ID, NAME, NI_TYPE, TECHNOLOGY, VENDOR,
               STATUS, STATE, DOMAIN, SOFTWARE_VERSION,
               IS_VIRTUAL, CATEGORY, ROLE,
               NETWORK_ELEMENT_ID_FK,
               PARENT_NETWORK_INVENTORY_ID_FK,
               KERNEL_VERSION, FIRMWARE, BIOS_VERSION
        FROM NETWORK_INVENTORY
        WHERE IS_DELETED = 0
    ]
(Background on this error at: https://sqlalche.me/e/20/f405)
2026-03-12 17:54:30,783 INFO [data_loader] 
============================================================
2026-03-12 17:54:30,783 INFO [data_loader] DATA LOAD SUMMARY
2026-03-12 17:54:30,783 INFO [data_loader] ============================================================
2026-03-12 17:54:30,783 INFO [data_loader]   Network Elements :     57,705
2026-03-12 17:54:30,783 INFO [data_loader]   Topology Links   :      3,530
2026-03-12 17:54:30,783 INFO [data_loader]   KPI Formulas     :          0
2026-03-12 17:54:30,783 INFO [data_loader]   KPI Counters     :          0
2026-03-12 17:54:30,783 INFO [data_loader]   Alarm Library    :      3,664  (catalog, not events)
2026-03-12 17:54:30,783 INFO [data_loader]   Alarm Events     :          0
2026-03-12 17:54:30,783 INFO [data_loader]   Labelled Alarms  :          0  (for root cause training)
2026-03-12 17:54:30,783 INFO [data_loader]   Inventory Items  :          0
2026-03-12 17:54:30,783 WARNING [data_loader] 
  NOTE: No labelled alarm events → root cause model uses synthetic data.
2026-03-12 17:54:30,783 WARNING [data_loader]   Models will still be accurate: synthetic events derived from real NE topology.
2026-03-12 17:54:30,783 INFO [data_loader] ============================================================
2026-03-12 17:54:30,783 INFO [run_pipeline]   Done in 1.4s
2026-03-12 17:54:30,783 INFO [run_pipeline] 
─────────────────────────────────────────────────────────────────
2026-03-12 17:54:30,783 INFO [run_pipeline]   Step 2/5: Build ML features
2026-03-12 17:54:30,783 INFO [run_pipeline] ─────────────────────────────────────────────────────────────────
2026-03-12 17:54:31,541 INFO [feature_builder] 
==================================================
2026-03-12 17:54:31,541 INFO [feature_builder] Building master feature set...
2026-03-12 17:54:31,541 INFO [feature_builder] ==================================================
2026-03-12 17:54:31,541 INFO [feature_builder] Building NE static features...
2026-03-12 17:54:31,601 INFO [feature_builder]   NE static features: 56 columns
2026-03-12 17:54:31,601 INFO [feature_builder] Building graph topology features...
2026-03-12 17:54:32,418 INFO [feature_builder]   Graph: 57,705 nodes, 1,344 edges
2026-03-12 17:54:32,423 INFO [feature_builder]   Computing betweenness centrality (k=500)...
2026-03-12 17:54:36,096 INFO [feature_builder]   Computing clustering coefficients...
2026-03-12 17:54:36,232 INFO [feature_builder]   Graph features built for 57,705 nodes
2026-03-12 17:54:36,233 INFO [feature_builder] Building ISIS link health features per NE...
2026-03-12 17:54:36,245 INFO [feature_builder]   ISIS health features for 158 NEs
2026-03-12 17:54:36,245 INFO [feature_builder] Building hierarchy depth features...
2026-03-12 17:54:36,251 INFO [feature_builder]   Computing hierarchy depths (this may take a moment)...
2026-03-12 17:54:36,291 INFO [feature_builder]   Max hierarchy depth: 1
2026-03-12 17:54:36,294 INFO [feature_builder] 
Master feature set: 57,705 NEs × 82 features
2026-03-12 17:54:36,410 INFO [feature_builder] Saved to /Users/ent-00379/Downloads/idea/pipeline/data/processed/master_features.pkl
2026-03-12 17:54:36,410 INFO [run_pipeline]   Done in 5.6s  (57,705 NEs × 82 features)
2026-03-12 17:54:36,411 INFO [run_pipeline] 
─────────────────────────────────────────────────────────────────
2026-03-12 17:54:36,411 INFO [run_pipeline]   Step 3/5: Train Root Cause Classifier (XGBoost → ONNX)
2026-03-12 17:54:36,411 INFO [run_pipeline] ─────────────────────────────────────────────────────────────────
2026-03-12 17:54:36,539 INFO [train_root_cause] Preparing training data...
2026-03-12 17:54:36,539 WARNING [train_root_cause] No alarm data — generating synthetic training data for demo
2026-03-12 17:54:36,539 INFO [train_root_cause] Generating 50,000 synthetic training samples...
2026-03-12 17:54:37,805 INFO [train_root_cause]   Root cause distribution:
CONFIGURATION_ERROR    12518
HARDWARE_FAILURE       10095
BACKHAUL_ISSUE          9959
POWER_ISSUE             9868
UNKNOWN                 7506
LINK_CONGESTION           17
PACKET_LOSS               14
LATENCY_HIGH              12
INTERFACE_ERROR           11
Name: count, dtype: int64
2026-03-12 17:54:37,806 INFO [train_root_cause] 
==================================================
2026-03-12 17:54:37,806 INFO [train_root_cause] TRAINING ROOT CAUSE CLASSIFIER
2026-03-12 17:54:37,806 INFO [train_root_cause] ==================================================
2026-03-12 17:54:37,806 INFO [train_root_cause] Using 41 features
2026-03-12 17:54:37,816 INFO [train_root_cause] Classes (9): [np.str_('BACKHAUL_ISSUE'), np.str_('CONFIGURATION_ERROR'), np.str_('HARDWARE_FAILURE'), np.str_('INTERFACE_ERROR'), np.str_('LATENCY_HIGH'), np.str_('LINK_CONGESTION'), np.str_('PACKET_LOSS'), np.str_('POWER_ISSUE'), np.str_('UNKNOWN')]
2026-03-12 17:54:37,833 INFO [train_root_cause] Train: 40,000  Test: 10,000
2026-03-12 17:54:37,833 INFO [train_root_cause] Training XGBoost model...
2026-03-12 17:54:40,044 INFO [train_root_cause] 
Classification Report:
2026-03-12 17:54:40,048 INFO [train_root_cause]                      precision    recall  f1-score   support

     BACKHAUL_ISSUE       0.26      0.02      0.04      1992
CONFIGURATION_ERROR       0.25      0.94      0.40      2504
   HARDWARE_FAILURE       0.26      0.02      0.05      2019
    INTERFACE_ERROR       0.00      0.00      0.00         2
       LATENCY_HIGH       0.00      0.00      0.00         2
    LINK_CONGESTION       0.30      1.00      0.46         3
        PACKET_LOSS       0.00      0.00      0.00         3
        POWER_ISSUE       0.16      0.02      0.03      1974
            UNKNOWN       0.18      0.01      0.01      1501

           accuracy                           0.25     10000
          macro avg       0.16      0.22      0.11     10000
       weighted avg       0.23      0.25      0.12     10000

2026-03-12 17:54:40,048 INFO [train_root_cause] 
Overall Accuracy: 0.250
2026-03-12 17:54:40,049 INFO [train_root_cause] 
Top 15 Most Important Features:
2026-03-12 17:54:40,050 INFO [train_root_cause]                   feature  importance
27           IS_ROOT_NODE    0.192717
29    SRC_MAX_UTILIZATION    0.126419
37      LINK_HEALTH_SCORE    0.121534
30    SRC_AVG_UTILIZATION    0.092653
20            BETWEENNESS    0.058355
26        HIERARCHY_DEPTH    0.045850
8         ADMIN_STATE_ENC    0.035562
9             NE_AGE_DAYS    0.030613
35    DST_MAX_UTILIZATION    0.029429
3              DOMAIN_ENC    0.026054
25             TOPO_LAYER    0.025834
23                IS_LEAF    0.025275
24            IS_ISOLATED    0.024614
5   OPERATIONAL_STATE_ENC    0.024516
22         COMPONENT_SIZE    0.023638
2026-03-12 17:54:40,056 INFO [train_root_cause] 
Model saved to /Users/ent-00379/Downloads/idea/pipeline/data/models/
2026-03-12 17:54:40,057 INFO [train_root_cause] 
Exporting model to ONNX...
2026-03-12 17:54:40,337 INFO [train_root_cause] ONNX model saved: /Users/ent-00379/Downloads/idea/pipeline/data/models/root_cause_classifier.onnx
2026-03-12 17:54:40,337 INFO [train_root_cause]   Input:  [None, 41] float32
2026-03-12 17:54:40,337 INFO [train_root_cause]   Output: [None, 9] float32 (class probabilities)
2026-03-12 17:54:40,337 INFO [train_root_cause]   File size: 1497.6 KB
2026-03-12 17:54:40,337 INFO [run_pipeline]   Done in 3.9s  accuracy=0.25
2026-03-12 17:54:40,338 INFO [run_pipeline] 
─────────────────────────────────────────────────────────────────
2026-03-12 17:54:40,338 INFO [run_pipeline]   Step 4/5: Train Alarm Propagation model
2026-03-12 17:54:40,338 INFO [run_pipeline] ─────────────────────────────────────────────────────────────────
2026-03-12 17:54:40,338 INFO [train_propagation] Building alarm sequences...
2026-03-12 17:54:40,338 WARNING [train_propagation] No alarm data — generating synthetic sequences
2026-03-12 17:54:40,889 INFO [train_propagation]   Generated 10,000 synthetic alarm sequences
2026-03-12 17:54:40,889 INFO [train_propagation] Learning alarm propagation rules...
2026-03-12 17:54:40,961 INFO [train_propagation]   Learned 58 propagation rules
2026-03-12 17:54:40,961 INFO [train_propagation]   Covering 28 root alarms
2026-03-12 17:54:40,961 INFO [train_propagation]   High confidence rules (≥70%): 17
2026-03-12 17:54:40,962 INFO [train_propagation] Rules saved to /Users/ent-00379/Downloads/idea/pipeline/data/models/alarm_propagation_rules.json
2026-03-12 17:54:40,962 INFO [train_propagation] File size: 14.5 KB
2026-03-12 17:54:40,962 INFO [run_pipeline]   Done in 0.6s  58 rules
2026-03-12 17:54:40,962 INFO [run_pipeline] 
─────────────────────────────────────────────────────────────────
2026-03-12 17:54:40,962 INFO [run_pipeline]   Step 5/5: Train KPI Anomaly Detector (IsolationForest → ONNX)
2026-03-12 17:54:40,962 INFO [run_pipeline] ─────────────────────────────────────────────────────────────────
2026-03-12 17:54:41,249 INFO [run_pipeline]   Using existing KPI history from disk...
2026-03-12 17:54:41,276 INFO [train_anomaly] Computing window features...
2026-03-12 17:57:19,231 INFO [train_anomaly]   Computed 720,000 feature rows
2026-03-12 17:57:19,340 INFO [train_anomaly] 
==================================================
2026-03-12 17:57:19,340 INFO [train_anomaly] TRAINING KPI ANOMALY DETECTOR
2026-03-12 17:57:19,340 INFO [train_anomaly] ==================================================
2026-03-12 17:57:19,341 INFO [train_anomaly] Using features: ['kpi_mean', 'kpi_std', 'kpi_min', 'kpi_max', 'kpi_trend', 'kpi_pct_change_1h', 'kpi_pct_change_24h', 'kpi_z_score', 'kpi_above_threshold', 'hour_of_day', 'day_of_week', 'is_peak_hour', 'NE_TYPE_ENC', 'TECHNOLOGY_ENC', 'TOPO_LAYER', 'GRAPH_DEGREE']
2026-03-12 17:57:19,358 INFO [train_anomaly] Contamination rate: 0.070
2026-03-12 17:57:19,358 INFO [train_anomaly] Training Isolation Forest...
2026-03-12 17:57:26,528 INFO [train_anomaly] 
Anomaly Detection Performance:
2026-03-12 17:57:26,529 INFO [train_anomaly]   Precision : 0.371
2026-03-12 17:57:26,529 INFO [train_anomaly]   Recall    : 0.519
2026-03-12 17:57:26,529 INFO [train_anomaly]   F1 Score  : 0.433
2026-03-12 17:57:26,541 INFO [train_anomaly] Model saved to /Users/ent-00379/Downloads/idea/pipeline/data/models/kpi_anomaly_detector.pkl
2026-03-12 17:57:26,541 INFO [train_anomaly] Exporting anomaly detector to ONNX...
2026-03-12 17:57:38,340 INFO [train_anomaly] ONNX saved: /Users/ent-00379/Downloads/idea/pipeline/data/models/kpi_anomaly_detector.onnx
2026-03-12 17:57:38,341 INFO [run_pipeline]   Done in 177.4s
2026-03-12 17:57:38,341 INFO [run_pipeline] 
─────────────────────────────────────────────────────────────────
2026-03-12 17:57:38,341 INFO [run_pipeline]   Deploying models to deploy/ folder
2026-03-12 17:57:38,341 INFO [run_pipeline] ─────────────────────────────────────────────────────────────────
2026-03-12 17:57:38,345 INFO [run_pipeline]   Deployed: root_cause_classifier.onnx
2026-03-12 17:57:38,351 INFO [run_pipeline]   Deployed: kpi_anomaly_detector.onnx
2026-03-12 17:57:38,351 INFO [run_pipeline]   Deployed: alarm_propagation_rules.json
2026-03-12 17:57:38,352 INFO [run_pipeline]   Deployed: root_cause_features.json
2026-03-12 17:57:38,352 INFO [run_pipeline]   Deployed: root_cause_labels.json
2026-03-12 17:57:38,353 INFO [run_pipeline]   Deployed: kpi_anomaly_features.json
2026-03-12 17:57:38,353 INFO [run_pipeline]   manifest.json written (version=1773318458)
2026-03-12 17:57:38,353 INFO [run_pipeline] 
======================================================================
2026-03-12 17:57:38,353 INFO [run_pipeline] PIPELINE COMPLETE
2026-03-12 17:57:38,353 INFO [run_pipeline] ======================================================================
2026-03-12 17:57:38,353 INFO [run_pipeline]   Total time          : 189.0s
2026-03-12 17:57:38,353 INFO [run_pipeline]   Root cause accuracy : 0.25
2026-03-12 17:57:38,353 INFO [run_pipeline]   Propagation rules   : 58
2026-03-12 17:57:38,353 INFO [run_pipeline]   Models deployed     : 6
2026-03-12 17:57:38,353 INFO [run_pipeline] 
  Models in          : /Users/ent-00379/Downloads/idea/pipeline/data/models/deploy/
2026-03-12 17:57:38,353 INFO [run_pipeline]   Spring Boot reads from this folder automatically (manifest.json watcher)
2026-03-12 17:57:38,353 INFO [run_pipeline] ======================================================================
2026-03-12 21:40:26,638 INFO [export_entity_features] Exported features for 57705 entities to /Users/ent-00379/Downloads/idea/pipeline/data/models/deploy/entity_features.json
2026-03-13 02:13:15,455 INFO [data_loader] Loading alarm events...
2026-03-13 02:13:15,455 INFO [alarm_config] Inspecting ALARM table: ALARM ...
2026-03-13 02:13:15,474 INFO [alarm_config]   Found 72 columns: ['ALARM_ID_PK', 'OPEN_TIME', 'CHANGE_TIME', 'REPORTING_TIME', 'FIRST_RECEPTION_TIME', 'FIRST_PROCESSING_TIME', 'LAST_PROCESSING_TIME', 'CLOSURE_TIME', 'CLOSURE_RECEPTION_TIME', 'CLOSURE_PROCESSING_TIME', 'ALARM_EXTERNAL_ID', 'ALARM_CODE', 'ALARM_NAME', 'CLOSURE_EXTERNAL_ID', 'CLASSIFICATION', 'EVENT_TYPE', 'SEVERITY', 'ACTUAL_SEVERITY', 'ALARM_STATUS', 'ENTITY_NAME', 'ENTITY_ID', 'PARENT_ENTITY_ID', 'SUBENTITY', 'ENTITY_TYPE', 'ENTITY_STATUS', 'ENTITY_SERVICE_TYPE', 'LATITUDE', 'LONGITUDE', 'SENDER_NAME', 'SENDER_IP', 'SENDER_HOSTNAME', 'GEOGRAPHY_L1_NAME', 'GEOGRAPHY_L1_ID', 'GEOGRAPHY_L2_NAME', 'GEOGRAPHY_L2_ID', 'GEOGRAPHY_L3_NAME', 'GEOGRAPHY_L3_ID', 'GEOGRAPHY_L4_NAME', 'GEOGRAPHY_L4_ID', 'LOCATION_TYPE', 'LOCATION_ID', 'VENDOR', 'DOMAIN', 'TECHNOLOGY', 'PROBABLE_CAUSE', 'DESCRIPTION', 'SEQUENCE_NUMBER', 'SERVICE_AFFECTED', 'CLOSED_BY', 'CHANGE_REQUEST_ID', 'CORRELATION_TYPE', 'INCIDENT_ID', 'PARTICIPATED_IN_INCIDENT', 'MANUALLY_CLOSEABLE', 'MANUALLY_CLOSED_BY', 'ACKNOWLEDGED', 'ACKNOWLEDGED_BY', 'ACKNOWLEDGE_TIME', 'KAFKA_TOPIC_NAME', 'KAFKA_PARTITION_NO', 'KAFKA_OFFSET', 'OCCURRENCE', 'INSTANCE_ID', 'META_INFO', 'ENTITY_FAMILY', 'CORRELATION_FLAG', 'ADDITIONAL_DETAIL', 'ALARM_GROUP', 'CKT_ID', 'INCIDENT_STATUS', 'ASSIGN_INCIDENT', 'TAG']
2026-03-13 02:13:15,474 INFO [alarm_config]   ✅  ne_id           → ENTITY_ID
2026-03-13 02:13:15,474 INFO [alarm_config]   ✅  alarm_code      → ALARM_CODE
2026-03-13 02:13:15,474 INFO [alarm_config]   ✅  severity        → SEVERITY
2026-03-13 02:13:15,474 INFO [alarm_config]   ✅  timestamp       → OPEN_TIME
2026-03-13 02:13:15,474 INFO [alarm_config]   ✅  root_cause      → PROBABLE_CAUSE
2026-03-13 02:13:15,474 INFO [alarm_config]   ✅  status          → ALARM_STATUS
2026-03-13 02:13:15,474 INFO [alarm_config]   ✅  clear_time      → CLOSURE_TIME
2026-03-13 02:13:15,474 WARNING [alarm_config]   ⚠️   ne_type         → not found; using config value: None
2026-03-13 02:13:15,474 INFO [alarm_config]   ✅  domain          → DOMAIN
2026-03-13 02:13:15,475 INFO [alarm_config]   Schema saved to /Users/ent-00379/Downloads/idea/pipeline/data/alarm_schema.json
2026-03-13 02:13:21,773 INFO [data_loader]   Loaded 500,000+ rows...
2026-03-13 02:13:22,032 INFO [data_loader]   Enriching labels from ALARM_LIBRARY (ALARM_CODE → ALARM_ID → ALARM_IDENTIFIER + CLASSIFICATION)...
2026-03-13 02:13:29,180 INFO [data_loader]   Loaded 1,001,152 alarms — 1,001,152 with ROOT_CAUSE labels
2026-03-13 02:13:55,563 INFO [train_propagation] Building alarm sequences...
2026-03-13 02:14:15,835 INFO [train_propagation]   Built 62 alarm sessions from 1,001,152 alarms
2026-03-13 02:14:15,855 INFO [train_propagation] Learning alarm propagation rules...
2026-03-13 02:14:15,977 INFO [train_propagation]   Learned 2,109 propagation rules
2026-03-13 02:14:15,977 INFO [train_propagation]   Covering 103 root alarms
2026-03-13 02:14:15,978 INFO [train_propagation]   High confidence rules (≥70%): 1,956
2026-03-13 02:14:15,991 INFO [train_propagation] Rules saved to /Users/ent-00379/Downloads/idea/pipeline/data/models/alarm_propagation_rules.json
2026-03-13 02:14:15,991 INFO [train_propagation] File size: 464.0 KB
2026-03-13 02:14:15,991 INFO [train_propagation] 
✅ Alarm Propagation model training complete!
2026-03-13 02:14:15,991 INFO [train_propagation]    Rules file: /Users/ent-00379/Downloads/idea/pipeline/data/models/alarm_propagation_rules.json
2026-03-13 02:14:15,991 INFO [train_propagation]    Load this JSON in Spring Boot for instant propagation prediction
2026-03-13 02:15:54,231 INFO [alarm_correlator] Correlated 1,001,152 alarms into 15,678 incidents (window=30 min)
2026-03-13 02:15:54,353 INFO [alarm_correlator] Saved /Users/ent-00379/Downloads/idea/pipeline/data/processed/incidents.pkl
2026-03-13 02:18:10,383 ERROR [alarm_correlator] Missing /Users/ent-00379/Downloads/idea/pipeline/data/processed/alarms_raw.pkl. Run data_loader.py first.
2026-03-13 02:18:10,385 WARNING [alarm_correlator] No alarms to correlate.
2026-03-13 02:19:07,269 INFO [run_pipeline] ======================================================================
2026-03-13 02:19:07,269 INFO [run_pipeline] NOC ML PIPELINE — TEST MODE (synthetic data, no DB)
2026-03-13 02:19:07,269 INFO [run_pipeline] ======================================================================
2026-03-13 02:19:07,651 INFO [run_pipeline] Generating synthetic NE data...
2026-03-13 02:19:18,309 INFO [run_pipeline] ======================================================================
2026-03-13 02:19:18,309 INFO [run_pipeline] NOC ML PIPELINE — TEST MODE (synthetic data, no DB)
2026-03-13 02:19:18,310 INFO [run_pipeline] ======================================================================
2026-03-13 02:19:18,682 INFO [run_pipeline] Generating synthetic NE data...
2026-03-13 02:19:18,724 INFO [run_pipeline] Synthetic data: 5,000 NEs, 15,000 links
2026-03-13 02:19:19,904 INFO [feature_builder] 
==================================================
2026-03-13 02:19:19,904 INFO [feature_builder] Building master feature set...
2026-03-13 02:19:19,904 INFO [feature_builder] ==================================================
2026-03-13 02:19:19,904 INFO [feature_builder] Building NE static features...
2026-03-13 02:19:19,915 INFO [feature_builder]   NE static features: 54 columns
2026-03-13 02:19:19,915 INFO [feature_builder] Building graph topology features...
2026-03-13 02:19:20,230 INFO [feature_builder]   Graph: 5,000 nodes, 14,985 edges
2026-03-13 02:19:20,231 INFO [feature_builder]   Computing betweenness centrality (k=500)...
2026-03-13 02:19:24,332 INFO [feature_builder]   Computing clustering coefficients...
2026-03-13 02:19:24,381 INFO [feature_builder]   Graph features built for 5,000 nodes
2026-03-13 02:19:24,382 INFO [feature_builder] Building ISIS link health features per NE...
2026-03-13 02:19:24,536 INFO [feature_builder]   ISIS health features for 3,891 NEs
2026-03-13 02:19:24,537 INFO [feature_builder] Building hierarchy depth features...
2026-03-13 02:19:24,537 INFO [feature_builder]   Computing hierarchy depths (this may take a moment)...
2026-03-13 02:19:24,543 INFO [feature_builder]   Max hierarchy depth: 9
2026-03-13 02:19:24,548 INFO [feature_builder] 
Master feature set: 5,000 NEs × 80 features
2026-03-13 02:19:24,555 INFO [feature_builder] Saved to /Users/ent-00379/Downloads/idea/pipeline/data/processed/master_features.pkl
2026-03-13 02:19:24,769 INFO [train_root_cause] Preparing training data...
2026-03-13 02:19:24,769 WARNING [train_root_cause] No alarm data — generating synthetic training data for demo
2026-03-13 02:19:24,769 INFO [train_root_cause] Generating 50,000 synthetic training samples...
2026-03-13 02:19:26,162 INFO [train_root_cause]   Root cause distribution:
HARDWARE_FAILURE        11949
LINK_CONGESTION         10424
HARDWARE_DEGRADATION     8291
INTERFACE_ERROR          6479
PACKET_LOSS              5319
LATENCY_HIGH             3933
POWER_ISSUE              3605
Name: count, dtype: int64
2026-03-13 02:19:26,163 INFO [train_root_cause] 
==================================================
2026-03-13 02:19:26,163 INFO [train_root_cause] TRAINING ROOT CAUSE CLASSIFIER
2026-03-13 02:19:26,163 INFO [train_root_cause] ==================================================
2026-03-13 02:19:26,164 INFO [train_root_cause] Using 41 features
2026-03-13 02:19:26,171 INFO [train_root_cause] Classes (7): [np.str_('HARDWARE_DEGRADATION'), np.str_('HARDWARE_FAILURE'), np.str_('INTERFACE_ERROR'), np.str_('LATENCY_HIGH'), np.str_('LINK_CONGESTION'), np.str_('PACKET_LOSS'), np.str_('POWER_ISSUE')]
2026-03-13 02:19:26,192 INFO [train_root_cause] Train: 40,000  Test: 10,000
2026-03-13 02:19:26,192 INFO [train_root_cause] Training XGBoost model...
2026-03-13 02:19:29,361 INFO [train_root_cause] 
Classification Report:
2026-03-13 02:19:29,366 INFO [train_root_cause]                       precision    recall  f1-score   support

HARDWARE_DEGRADATION       0.35      0.17      0.22      1658
    HARDWARE_FAILURE       0.50      0.83      0.62      2390
     INTERFACE_ERROR       0.23      0.10      0.14      1296
        LATENCY_HIGH       0.14      0.01      0.02       786
     LINK_CONGESTION       0.39      0.82      0.53      2085
         PACKET_LOSS       0.23      0.06      0.09      1064
         POWER_ISSUE       0.08      0.00      0.01       721

            accuracy                           0.42     10000
           macro avg       0.28      0.28      0.23     10000
        weighted avg       0.33      0.42      0.33     10000

2026-03-13 02:19:29,366 INFO [train_root_cause] 
Overall Accuracy: 0.416
2026-03-13 02:19:29,368 INFO [train_root_cause] 
Top 15 Most Important Features:
2026-03-13 02:19:29,370 INFO [train_root_cause]                     feature  importance
37        LINK_HEALTH_SCORE    0.470316
32        SRC_MAX_DROP_RATE    0.162618
31       SRC_MAX_ERROR_RATE    0.123459
29      SRC_MAX_UTILIZATION    0.039900
30      SRC_AVG_UTILIZATION    0.021111
21          CLUSTERING_COEF    0.007353
34        SRC_WARNING_LINKS    0.007308
20              BETWEENNESS    0.006442
36       DST_MAX_ERROR_RATE    0.006367
35      DST_MAX_UTILIZATION    0.006310
38                  AZIMUTH    0.006269
10  WARRANTY_REMAINING_DAYS    0.006177
9               NE_AGE_DAYS    0.006170
39          ELECTRICAL_TILT    0.006020
18    PROTOCOL_HEALTH_SCORE    0.005723
2026-03-13 02:19:29,382 INFO [train_root_cause] 
Model saved to /Users/ent-00379/Downloads/idea/pipeline/data/models/
2026-03-13 02:19:29,382 INFO [train_root_cause] 
Exporting model to ONNX...
2026-03-13 02:19:30,267 INFO [train_root_cause] ONNX model saved: /Users/ent-00379/Downloads/idea/pipeline/data/models/root_cause_classifier.onnx
2026-03-13 02:19:30,268 INFO [train_root_cause]   Input:  [None, 41] float32
2026-03-13 02:19:30,268 INFO [train_root_cause]   Output: [None, 7] float32 (class probabilities)
2026-03-13 02:19:30,268 INFO [train_root_cause]   File size: 4133.5 KB
2026-03-13 02:19:30,272 INFO [train_propagation] Building alarm sequences...
2026-03-13 02:19:30,272 WARNING [train_propagation] No alarm data — generating synthetic sequences
2026-03-13 02:19:30,842 INFO [train_propagation]   Generated 10,000 synthetic alarm sequences
2026-03-13 02:19:30,842 INFO [train_propagation] Learning alarm propagation rules...
2026-03-13 02:19:30,920 INFO [train_propagation]   Learned 57 propagation rules
2026-03-13 02:19:30,920 INFO [train_propagation]   Covering 28 root alarms
2026-03-13 02:19:30,920 INFO [train_propagation]   High confidence rules (≥70%): 19
2026-03-13 02:19:30,921 INFO [train_propagation] Rules saved to /Users/ent-00379/Downloads/idea/pipeline/data/models/alarm_propagation_rules.json
2026-03-13 02:19:30,921 INFO [train_propagation] File size: 14.3 KB
2026-03-13 02:19:30,921 INFO [run_pipeline] Generating synthetic alarms for correlator and sequence model...
2026-03-13 02:19:31,836 INFO [alarm_correlator] Correlated 8,000 alarms into 7,991 incidents (window=30 min)
2026-03-13 02:19:31,841 INFO [alarm_correlator] Saved /Users/ent-00379/Downloads/idea/pipeline/data/processed/incidents.pkl
2026-03-13 02:19:31,849 INFO [train_sequence_model] Vocab size=202, classes=7, incidents=7991
2026-03-13 02:19:43,045 INFO [run_pipeline] ======================================================================
2026-03-13 02:19:43,045 INFO [run_pipeline] NOC ML PIPELINE — TEST MODE (synthetic data, no DB)
2026-03-13 02:19:43,045 INFO [run_pipeline] ======================================================================
2026-03-13 02:19:43,335 INFO [run_pipeline] Generating synthetic NE data...
2026-03-13 02:19:43,368 INFO [run_pipeline] Synthetic data: 5,000 NEs, 15,000 links
2026-03-13 02:19:44,309 INFO [feature_builder] 
==================================================
2026-03-13 02:19:44,310 INFO [feature_builder] Building master feature set...
2026-03-13 02:19:44,310 INFO [feature_builder] ==================================================
2026-03-13 02:19:44,310 INFO [feature_builder] Building NE static features...
2026-03-13 02:19:44,320 INFO [feature_builder]   NE static features: 54 columns
2026-03-13 02:19:44,320 INFO [feature_builder] Building graph topology features...
2026-03-13 02:19:44,636 INFO [feature_builder]   Graph: 5,000 nodes, 14,987 edges
2026-03-13 02:19:44,636 INFO [feature_builder]   Computing betweenness centrality (k=500)...
2026-03-13 02:19:48,996 INFO [feature_builder]   Computing clustering coefficients...
2026-03-13 02:19:49,042 INFO [feature_builder]   Graph features built for 5,000 nodes
2026-03-13 02:19:49,043 INFO [feature_builder] Building ISIS link health features per NE...
2026-03-13 02:19:49,197 INFO [feature_builder]   ISIS health features for 3,924 NEs
2026-03-13 02:19:49,197 INFO [feature_builder] Building hierarchy depth features...
2026-03-13 02:19:49,198 INFO [feature_builder]   Computing hierarchy depths (this may take a moment)...
2026-03-13 02:19:49,206 INFO [feature_builder]   Max hierarchy depth: 20
2026-03-13 02:19:49,209 INFO [feature_builder] 
Master feature set: 5,000 NEs × 80 features
2026-03-13 02:19:49,218 INFO [feature_builder] Saved to /Users/ent-00379/Downloads/idea/pipeline/data/processed/master_features.pkl
2026-03-13 02:19:49,412 INFO [train_root_cause] Preparing training data...
2026-03-13 02:19:49,412 WARNING [train_root_cause] No alarm data — generating synthetic training data for demo
2026-03-13 02:19:49,412 INFO [train_root_cause] Generating 50,000 synthetic training samples...
2026-03-13 02:19:50,797 INFO [train_root_cause]   Root cause distribution:
HARDWARE_FAILURE        11555
LINK_CONGESTION         10949
HARDWARE_DEGRADATION     8203
INTERFACE_ERROR          6661
PACKET_LOSS              5345
LATENCY_HIGH             3871
POWER_ISSUE              3416
Name: count, dtype: int64
2026-03-13 02:19:50,798 INFO [train_root_cause] 
==================================================
2026-03-13 02:19:50,798 INFO [train_root_cause] TRAINING ROOT CAUSE CLASSIFIER
2026-03-13 02:19:50,798 INFO [train_root_cause] ==================================================
2026-03-13 02:19:50,798 INFO [train_root_cause] Using 41 features
2026-03-13 02:19:50,806 INFO [train_root_cause] Classes (7): [np.str_('HARDWARE_DEGRADATION'), np.str_('HARDWARE_FAILURE'), np.str_('INTERFACE_ERROR'), np.str_('LATENCY_HIGH'), np.str_('LINK_CONGESTION'), np.str_('PACKET_LOSS'), np.str_('POWER_ISSUE')]
2026-03-13 02:19:50,826 INFO [train_root_cause] Train: 40,000  Test: 10,000
2026-03-13 02:19:50,826 INFO [train_root_cause] Training XGBoost model...
2026-03-13 02:19:54,088 INFO [train_root_cause] 
Classification Report:
2026-03-13 02:19:54,092 INFO [train_root_cause]                       precision    recall  f1-score   support

HARDWARE_DEGRADATION       0.33      0.17      0.22      1641
    HARDWARE_FAILURE       0.49      0.81      0.61      2311
     INTERFACE_ERROR       0.26      0.11      0.16      1332
        LATENCY_HIGH       0.14      0.02      0.03       774
     LINK_CONGESTION       0.41      0.84      0.55      2190
         PACKET_LOSS       0.21      0.05      0.08      1069
         POWER_ISSUE       0.07      0.00      0.01       683

            accuracy                           0.42     10000
           macro avg       0.27      0.28      0.24     10000
        weighted avg       0.33      0.42      0.33     10000

2026-03-13 02:19:54,092 INFO [train_root_cause] 
Overall Accuracy: 0.419
2026-03-13 02:19:54,095 INFO [train_root_cause] 
Top 15 Most Important Features:
2026-03-13 02:19:54,097 INFO [train_root_cause]                     feature  importance
29      SRC_MAX_UTILIZATION    0.330344
37        LINK_HEALTH_SCORE    0.309465
30      SRC_AVG_UTILIZATION    0.090886
32        SRC_MAX_DROP_RATE    0.063591
31       SRC_MAX_ERROR_RATE    0.021035
22           COMPONENT_SIZE    0.008629
21          CLUSTERING_COEF    0.006872
20              BETWEENNESS    0.006587
38                  AZIMUTH    0.006579
36       DST_MAX_ERROR_RATE    0.006560
25               TOPO_LAYER    0.006302
35      DST_MAX_UTILIZATION    0.006299
10  WARRANTY_REMAINING_DAYS    0.006278
9               NE_AGE_DAYS    0.006212
39          ELECTRICAL_TILT    0.006164
2026-03-13 02:19:54,110 INFO [train_root_cause] 
Model saved to /Users/ent-00379/Downloads/idea/pipeline/data/models/
2026-03-13 02:19:54,110 INFO [train_root_cause] 
Exporting model to ONNX...
2026-03-13 02:19:54,984 INFO [train_root_cause] ONNX model saved: /Users/ent-00379/Downloads/idea/pipeline/data/models/root_cause_classifier.onnx
2026-03-13 02:19:54,984 INFO [train_root_cause]   Input:  [None, 41] float32
2026-03-13 02:19:54,984 INFO [train_root_cause]   Output: [None, 7] float32 (class probabilities)
2026-03-13 02:19:54,985 INFO [train_root_cause]   File size: 4209.5 KB
2026-03-13 02:19:54,986 INFO [train_propagation] Building alarm sequences...
2026-03-13 02:19:54,986 WARNING [train_propagation] No alarm data — generating synthetic sequences
2026-03-13 02:19:55,554 INFO [train_propagation]   Generated 10,000 synthetic alarm sequences
2026-03-13 02:19:55,555 INFO [train_propagation] Learning alarm propagation rules...
2026-03-13 02:19:55,633 INFO [train_propagation]   Learned 57 propagation rules
2026-03-13 02:19:55,633 INFO [train_propagation]   Covering 28 root alarms
2026-03-13 02:19:55,633 INFO [train_propagation]   High confidence rules (≥70%): 17
2026-03-13 02:19:55,634 INFO [train_propagation] Rules saved to /Users/ent-00379/Downloads/idea/pipeline/data/models/alarm_propagation_rules.json
2026-03-13 02:19:55,634 INFO [train_propagation] File size: 14.3 KB
2026-03-13 02:19:55,634 INFO [run_pipeline] Generating synthetic alarms for correlator and sequence model...
2026-03-13 02:19:56,543 INFO [alarm_correlator] Correlated 8,000 alarms into 7,990 incidents (window=30 min)
2026-03-13 02:19:56,549 INFO [alarm_correlator] Saved /Users/ent-00379/Downloads/idea/pipeline/data/processed/incidents.pkl
2026-03-13 02:19:56,570 INFO [train_sequence_model] Vocab size=202, classes=7, incidents=7990
2026-03-13 02:24:24,799 INFO [run_pipeline] ======================================================================
2026-03-13 02:24:24,799 INFO [run_pipeline] NOC ML PIPELINE — TEST MODE (synthetic data, no DB)
2026-03-13 02:24:24,799 INFO [run_pipeline] ======================================================================
2026-03-13 02:24:25,070 INFO [run_pipeline] Generating synthetic NE data...
2026-03-13 02:24:25,100 INFO [run_pipeline] Synthetic data: 5,000 NEs, 15,000 links
2026-03-13 02:24:25,909 INFO [feature_builder] 
==================================================
2026-03-13 02:24:25,909 INFO [feature_builder] Building master feature set...
2026-03-13 02:24:25,909 INFO [feature_builder] ==================================================
2026-03-13 02:24:25,909 INFO [feature_builder] Building NE static features...
2026-03-13 02:24:25,918 INFO [feature_builder]   NE static features: 54 columns
2026-03-13 02:24:25,918 INFO [feature_builder] Building graph topology features...
2026-03-13 02:24:26,205 INFO [feature_builder]   Graph: 5,000 nodes, 14,993 edges
2026-03-13 02:24:26,206 INFO [feature_builder]   Computing betweenness centrality (k=500)...
2026-03-13 02:24:30,256 INFO [feature_builder]   Computing clustering coefficients...
2026-03-13 02:24:30,303 INFO [feature_builder]   Graph features built for 5,000 nodes
2026-03-13 02:24:30,303 INFO [feature_builder] Building ISIS link health features per NE...
2026-03-13 02:24:30,441 INFO [feature_builder]   ISIS health features for 3,832 NEs
2026-03-13 02:24:30,442 INFO [feature_builder] Building hierarchy depth features...
2026-03-13 02:24:30,442 INFO [feature_builder]   Computing hierarchy depths (this may take a moment)...
2026-03-13 02:24:30,449 INFO [feature_builder]   Max hierarchy depth: 10
2026-03-13 02:24:30,452 INFO [feature_builder] 
Master feature set: 5,000 NEs × 80 features
2026-03-13 02:24:30,466 INFO [feature_builder] Saved to /Users/ent-00379/Downloads/idea/pipeline/data/processed/master_features.pkl
2026-03-13 02:24:30,621 INFO [train_root_cause] Preparing training data...
2026-03-13 02:24:30,621 WARNING [train_root_cause] No alarm data — generating synthetic training data for demo
2026-03-13 02:24:30,621 INFO [train_root_cause] Generating 50,000 synthetic training samples...
2026-03-13 02:24:32,068 INFO [train_root_cause]   Root cause distribution:
HARDWARE_FAILURE        11944
LINK_CONGESTION         10336
HARDWARE_DEGRADATION     8343
INTERFACE_ERROR          6485
PACKET_LOSS              5219
LATENCY_HIGH             3924
POWER_ISSUE              3749
Name: count, dtype: int64
2026-03-13 02:24:32,069 INFO [train_root_cause] 
==================================================
2026-03-13 02:24:32,069 INFO [train_root_cause] TRAINING ROOT CAUSE CLASSIFIER
2026-03-13 02:24:32,069 INFO [train_root_cause] ==================================================
2026-03-13 02:24:32,069 INFO [train_root_cause] Using 41 features
2026-03-13 02:24:32,077 INFO [train_root_cause] Classes (7): [np.str_('HARDWARE_DEGRADATION'), np.str_('HARDWARE_FAILURE'), np.str_('INTERFACE_ERROR'), np.str_('LATENCY_HIGH'), np.str_('LINK_CONGESTION'), np.str_('PACKET_LOSS'), np.str_('POWER_ISSUE')]
2026-03-13 02:24:32,096 INFO [train_root_cause] Train: 40,000  Test: 10,000
2026-03-13 02:24:32,096 INFO [train_root_cause] Training XGBoost model...
2026-03-13 02:24:35,023 INFO [train_root_cause] 
Classification Report:
2026-03-13 02:24:35,027 INFO [train_root_cause]                       precision    recall  f1-score   support

HARDWARE_DEGRADATION       0.33      0.16      0.22      1668
    HARDWARE_FAILURE       0.49      0.83      0.62      2389
     INTERFACE_ERROR       0.26      0.13      0.18      1297
        LATENCY_HIGH       0.19      0.02      0.03       785
     LINK_CONGESTION       0.40      0.81      0.53      2067
         PACKET_LOSS       0.20      0.05      0.09      1044
         POWER_ISSUE       0.09      0.00      0.01       750

            accuracy                           0.41     10000
           macro avg       0.28      0.29      0.24     10000
        weighted avg       0.33      0.41      0.33     10000

2026-03-13 02:24:35,027 INFO [train_root_cause] 
Overall Accuracy: 0.415
2026-03-13 02:24:35,029 INFO [train_root_cause] 
Top 15 Most Important Features:
2026-03-13 02:24:35,030 INFO [train_root_cause]                 feature  importance
37    LINK_HEALTH_SCORE    0.518601
29  SRC_MAX_UTILIZATION    0.155554
32    SRC_MAX_DROP_RATE    0.068883
31   SRC_MAX_ERROR_RATE    0.047300
30  SRC_AVG_UTILIZATION    0.046656
23              IS_LEAF    0.006348
21      CLUSTERING_COEF    0.006297
34    SRC_WARNING_LINKS    0.005872
38              AZIMUTH    0.005804
36   DST_MAX_ERROR_RATE    0.005795
33   SRC_CRITICAL_LINKS    0.005749
20          BETWEENNESS    0.005666
35  DST_MAX_UTILIZATION    0.005619
39      ELECTRICAL_TILT    0.005489
9           NE_AGE_DAYS    0.005419
2026-03-13 02:24:35,044 INFO [train_root_cause] 
Model saved to /Users/ent-00379/Downloads/idea/pipeline/data/models/
2026-03-13 02:24:35,045 INFO [train_root_cause] 
Exporting model to ONNX...
2026-03-13 02:24:35,830 INFO [train_root_cause] ONNX model saved: /Users/ent-00379/Downloads/idea/pipeline/data/models/root_cause_classifier.onnx
2026-03-13 02:24:35,831 INFO [train_root_cause]   Input:  [None, 41] float32
2026-03-13 02:24:35,831 INFO [train_root_cause]   Output: [None, 7] float32 (class probabilities)
2026-03-13 02:24:35,831 INFO [train_root_cause]   File size: 4142.3 KB
2026-03-13 02:24:35,832 INFO [train_propagation] Building alarm sequences...
2026-03-13 02:24:35,832 WARNING [train_propagation] No alarm data — generating synthetic sequences
2026-03-13 02:24:36,361 INFO [train_propagation]   Generated 10,000 synthetic alarm sequences
2026-03-13 02:24:36,361 INFO [train_propagation] Learning alarm propagation rules...
2026-03-13 02:24:36,435 INFO [train_propagation]   Learned 58 propagation rules
2026-03-13 02:24:36,435 INFO [train_propagation]   Covering 28 root alarms
2026-03-13 02:24:36,435 INFO [train_propagation]   High confidence rules (≥70%): 17
2026-03-13 02:24:36,436 INFO [train_propagation] Rules saved to /Users/ent-00379/Downloads/idea/pipeline/data/models/alarm_propagation_rules.json
2026-03-13 02:24:36,437 INFO [train_propagation] File size: 14.6 KB
2026-03-13 02:24:36,437 INFO [run_pipeline] Generating synthetic alarms for correlator and sequence model...
2026-03-13 02:24:37,316 INFO [alarm_correlator] Correlated 8,000 alarms into 7,987 incidents (window=30 min)
2026-03-13 02:24:37,321 INFO [alarm_correlator] Saved /Users/ent-00379/Downloads/idea/pipeline/data/processed/incidents.pkl
2026-03-13 02:24:37,327 INFO [train_sequence_model] Vocab size=202, classes=7, incidents=7987
2026-03-13 02:24:54,659 INFO [train_sequence_model] Vocab size=202, classes=7, incidents=7987
2026-03-13 02:24:56,858 INFO [train_sequence_model] Epoch 1/3 train_loss=1.8589 val_acc=0.3381
2026-03-13 02:24:57,604 INFO [train_sequence_model] Epoch 2/3 train_loss=1.8432 val_acc=0.3381
2026-03-13 02:24:58,366 INFO [train_sequence_model] Epoch 3/3 train_loss=1.8395 val_acc=0.3381
2026-03-13 02:24:58,367 INFO [train_sequence_model] Saved vocab: /Users/ent-00379/Downloads/idea/pipeline/data/models/sequence_model_vocab.json
2026-03-13 02:24:58,367 INFO [train_sequence_model] Saved labels: /Users/ent-00379/Downloads/idea/pipeline/data/models/sequence_model_labels.json
2026-03-13 02:25:04,045 INFO [train_sequence_model] Vocab size=202, classes=7, incidents=7987
2026-03-13 02:25:06,424 INFO [train_sequence_model] Epoch 1/3 train_loss=1.8625 val_acc=0.3381
2026-03-13 02:25:07,365 INFO [train_sequence_model] Epoch 2/3 train_loss=1.8431 val_acc=0.3381
2026-03-13 02:25:08,211 INFO [train_sequence_model] Epoch 3/3 train_loss=1.8365 val_acc=0.3381
2026-03-13 02:25:08,212 INFO [train_sequence_model] Saved vocab: /Users/ent-00379/Downloads/idea/pipeline/data/models/sequence_model_vocab.json
2026-03-13 02:25:08,212 INFO [train_sequence_model] Saved labels: /Users/ent-00379/Downloads/idea/pipeline/data/models/sequence_model_labels.json
2026-03-13 02:25:09,844 WARNING [onnxscript.version_converter] The model version conversion is not supported by the onnxscript version converter and fallback is enabled. The model will be converted using the onnx C API (target version: 14).
2026-03-13 02:25:09,853 WARNING [onnxscript.version_converter] Failed to convert the model to the target version 14 using the ONNX C API. The model was not modified
Traceback (most recent call last):
  File "/Users/ent-00379/Downloads/idea/pipeline/.venv/lib/python3.14/site-packages/onnxscript/version_converter/__init__.py", line 120, in call
    converted_proto = _c_api_utils.call_onnx_api(
        func=_partial_convert_version, model=model
    )
  File "/Users/ent-00379/Downloads/idea/pipeline/.venv/lib/python3.14/site-packages/onnxscript/version_converter/_c_api_utils.py", line 65, in call_onnx_api
    result = func(proto)
  File "/Users/ent-00379/Downloads/idea/pipeline/.venv/lib/python3.14/site-packages/onnxscript/version_converter/__init__.py", line 115, in _partial_convert_version
    return onnx.version_converter.convert_version(
           ~~~~~~~~~~~~~~~~~~~~~~~~~~~~~~~~~~~~~~^
        proto, target_version=self.target_version
        ^^^^^^^^^^^^^^^^^^^^^^^^^^^^^^^^^^^^^^^^^
    )
    ^
  File "/Users/ent-00379/Downloads/idea/pipeline/.venv/lib/python3.14/site-packages/onnx/version_converter.py", line 39, in convert_version
    converted_model_str = C.convert_version(model_str, target_version)
RuntimeError: /Users/runner/work/onnx/onnx/onnx/version_converter/BaseConverter.h:68: adapter_lookup: Assertion `false` failed: No Adapter From Version $15 for Shape
2026-03-13 02:25:09,855 INFO [onnx_ir.passes.common.unused_removal] Removed 17 unused nodes
2026-03-13 02:25:09,855 INFO [onnx_ir.passes.common.unused_removal] No unused functions to remove
2026-03-13 02:25:09,856 INFO [onnxscript.optimizer._constant_folding] Skipping constant folding for node 'node_Shape_0' because it is graph input to preserve graph signature
2026-03-13 02:25:09,856 INFO [onnxscript.optimizer._constant_folding] Skipping constant folding for node 'node_embedding' because it is graph input to preserve graph signature
2026-03-13 02:25:09,857 INFO [onnxscript.optimizer._constant_folding] Skipping constant folding for node Node(name='node_Slice_20', domain='', op_type='Slice', inputs=(SymbolicTensor(name='lstm.weight_ih_l0', type=Tensor(FLOAT), shape=Shape([512, 32]), const_value={TorchTensor(...)}), SymbolicTensor(name='val_16', type=Tensor(INT64), shape=Shape([1]), producer='node_Constant_16', index=0, const_value={Tensor<INT64,[1]>(array([0]), name=None)}), Value(name='val_15', type=Tensor(INT64), shape=Shape([1]), producer='node_Constant_81', index=0, const_value={Tensor<INT64,[1]>(array([128]), name='val_15')}), SymbolicTensor(name='val_16', type=Tensor(INT64), shape=Shape([1]), producer='node_Constant_16', index=0, const_value={Tensor<INT64,[1]>(array([0]), name=None)})), attributes={}, overload='', outputs=(SymbolicTensor(name='val_20', type=Tensor(FLOAT), shape=Shape([128, 32]), producer='node_Slice_20', index=0),), version=13, doc_string=None) due to large input sizes: [16384, 1, 1, 1]
2026-03-13 02:25:09,859 INFO [onnxscript.optimizer._constant_folding] Skipping constant folding for node Node(name='node_Slice_23', domain='', op_type='Slice', inputs=(SymbolicTensor(name='lstm.weight_ih_l0', type=Tensor(FLOAT), shape=Shape([512, 32]), const_value={TorchTensor(...)}), Value(name='val_15', type=Tensor(INT64), shape=Shape([1]), producer='node_Constant_81', index=0, const_value={Tensor<INT64,[1]>(array([128]), name='val_15')}), Value(name='val_22', type=Tensor(INT64), shape=Shape([1]), const_value={Tensor<INT64,[1]>(array([256]), name='val_22')}), SymbolicTensor(name='val_16', type=Tensor(INT64), shape=Shape([1]), producer='node_Constant_16', index=0, const_value={Tensor<INT64,[1]>(array([0]), name=None)})), attributes={}, overload='', outputs=(SymbolicTensor(name='val_23', type=Tensor(FLOAT), shape=Shape([128, 32]), producer='node_Slice_23', index=0),), version=13, doc_string=None) due to large input sizes: [16384, 1, 1, 1]
2026-03-13 02:25:09,859 INFO [onnxscript.optimizer._constant_folding] Skipping constant folding for node Node(name='node_Slice_27', domain='', op_type='Slice', inputs=(SymbolicTensor(name='lstm.weight_ih_l0', type=Tensor(FLOAT), shape=Shape([512, 32]), const_value={TorchTensor(...)}), Value(name='val_24', type=Tensor(INT64), shape=Shape([1]), const_value={Tensor<INT64,[1]>(array([256]), name='val_24')}), Value(name='val_26', type=Tensor(INT64), shape=Shape([1]), const_value={Tensor<INT64,[1]>(array([384]), name='val_26')}), SymbolicTensor(name='val_16', type=Tensor(INT64), shape=Shape([1]), producer='node_Constant_16', index=0, const_value={Tensor<INT64,[1]>(array([0]), name=None)})), attributes={}, overload='', outputs=(SymbolicTensor(name='val_27', type=Tensor(FLOAT), shape=Shape([128, 32]), producer='node_Slice_27', index=0),), version=13, doc_string=None) due to large input sizes: [16384, 1, 1, 1]
2026-03-13 02:25:09,861 INFO [onnxscript.optimizer._constant_folding] Skipping constant folding for node Node(name='node_Slice_31', domain='', op_type='Slice', inputs=(SymbolicTensor(name='lstm.weight_ih_l0', type=Tensor(FLOAT), shape=Shape([512, 32]), const_value={TorchTensor(...)}), Value(name='val_28', type=Tensor(INT64), shape=Shape([1]), const_value={Tensor<INT64,[1]>(array([384]), name='val_28')}), Value(name='val_30', type=Tensor(INT64), shape=Shape([1]), const_value={Tensor<INT64,[1]>(array([512]), name='val_30')}), SymbolicTensor(name='val_16', type=Tensor(INT64), shape=Shape([1]), producer='node_Constant_16', index=0, const_value={Tensor<INT64,[1]>(array([0]), name=None)})), attributes={}, overload='', outputs=(SymbolicTensor(name='val_31', type=Tensor(FLOAT), shape=Shape([128, 32]), producer='node_Slice_31', index=0),), version=13, doc_string=None) due to large input sizes: [16384, 1, 1, 1]
2026-03-13 02:25:09,861 INFO [onnxscript.optimizer._constant_folding] Skipping constant folding for node Node(name='node_Slice_32', domain='', op_type='Slice', inputs=(SymbolicTensor(name='lstm.weight_hh_l0', type=Tensor(FLOAT), shape=Shape([512, 128]), const_value={TorchTensor(...)}), SymbolicTensor(name='val_16', type=Tensor(INT64), shape=Shape([1]), producer='node_Constant_16', index=0, const_value={Tensor<INT64,[1]>(array([0]), name=None)}), Value(name='val_15', type=Tensor(INT64), shape=Shape([1]), producer='node_Constant_81', index=0, const_value={Tensor<INT64,[1]>(array([128]), name='val_15')}), SymbolicTensor(name='val_16', type=Tensor(INT64), shape=Shape([1]), producer='node_Constant_16', index=0, const_value={Tensor<INT64,[1]>(array([0]), name=None)})), attributes={}, overload='', outputs=(SymbolicTensor(name='val_32', type=Tensor(FLOAT), shape=Shape([128, 128]), producer='node_Slice_32', index=0),), version=13, doc_string=None) due to large input sizes: [65536, 1, 1, 1]
2026-03-13 02:25:09,862 INFO [onnxscript.optimizer._constant_folding] Skipping constant folding for node Node(name='node_Slice_34', domain='', op_type='Slice', inputs=(SymbolicTensor(name='lstm.weight_hh_l0', type=Tensor(FLOAT), shape=Shape([512, 128]), const_value={TorchTensor(...)}), Value(name='val_15', type=Tensor(INT64), shape=Shape([1]), producer='node_Constant_81', index=0, const_value={Tensor<INT64,[1]>(array([128]), name='val_15')}), Value(name='val_33', type=Tensor(INT64), shape=Shape([1]), const_value={Tensor<INT64,[1]>(array([256]), name='val_33')}), SymbolicTensor(name='val_16', type=Tensor(INT64), shape=Shape([1]), producer='node_Constant_16', index=0, const_value={Tensor<INT64,[1]>(array([0]), name=None)})), attributes={}, overload='', outputs=(SymbolicTensor(name='val_34', type=Tensor(FLOAT), shape=Shape([128, 128]), producer='node_Slice_34', index=0),), version=13, doc_string=None) due to large input sizes: [65536, 1, 1, 1]
2026-03-13 02:25:09,863 INFO [onnxscript.optimizer._constant_folding] Skipping constant folding for node Node(name='node_Slice_37', domain='', op_type='Slice', inputs=(SymbolicTensor(name='lstm.weight_hh_l0', type=Tensor(FLOAT), shape=Shape([512, 128]), const_value={TorchTensor(...)}), Value(name='val_35', type=Tensor(INT64), shape=Shape([1]), const_value={Tensor<INT64,[1]>(array([256]), name='val_35')}), Value(name='val_36', type=Tensor(INT64), shape=Shape([1]), const_value={Tensor<INT64,[1]>(array([384]), name='val_36')}), SymbolicTensor(name='val_16', type=Tensor(INT64), shape=Shape([1]), producer='node_Constant_16', index=0, const_value={Tensor<INT64,[1]>(array([0]), name=None)})), attributes={}, overload='', outputs=(SymbolicTensor(name='val_37', type=Tensor(FLOAT), shape=Shape([128, 128]), producer='node_Slice_37', index=0),), version=13, doc_string=None) due to large input sizes: [65536, 1, 1, 1]
2026-03-13 02:25:09,863 INFO [onnxscript.optimizer._constant_folding] Skipping constant folding for node Node(name='node_Slice_40', domain='', op_type='Slice', inputs=(SymbolicTensor(name='lstm.weight_hh_l0', type=Tensor(FLOAT), shape=Shape([512, 128]), const_value={TorchTensor(...)}), Value(name='val_38', type=Tensor(INT64), shape=Shape([1]), const_value={Tensor<INT64,[1]>(array([384]), name='val_38')}), Value(name='val_39', type=Tensor(INT64), shape=Shape([1]), const_value={Tensor<INT64,[1]>(array([512]), name='val_39')}), SymbolicTensor(name='val_16', type=Tensor(INT64), shape=Shape([1]), producer='node_Constant_16', index=0, const_value={Tensor<INT64,[1]>(array([0]), name=None)})), attributes={}, overload='', outputs=(SymbolicTensor(name='val_40', type=Tensor(FLOAT), shape=Shape([128, 128]), producer='node_Slice_40', index=0),), version=13, doc_string=None) due to large input sizes: [65536, 1, 1, 1]
2026-03-13 02:25:09,873 INFO [onnx_ir.passes.common.unused_removal] Removed 8 unused nodes
2026-03-13 02:25:09,874 INFO [onnx_ir.passes.common.unused_removal] No unused functions to remove
2026-03-13 02:25:09,874 INFO [onnxscript.optimizer._constant_folding] Skipping constant folding for node 'node_Shape_0' because it is graph input to preserve graph signature
2026-03-13 02:25:09,874 INFO [onnxscript.optimizer._constant_folding] Skipping constant folding for node 'node_embedding' because it is graph input to preserve graph signature
2026-03-13 02:25:09,875 INFO [onnxscript.optimizer._constant_folding] Skipping constant folding for node Node(name='node_Slice_20', domain='', op_type='Slice', inputs=(SymbolicTensor(name='lstm.weight_ih_l0', type=Tensor(FLOAT), shape=Shape([512, 32]), const_value={TorchTensor(...)}), SymbolicTensor(name='val_16', type=Tensor(INT64), shape=Shape([1]), producer='node_Constant_16', index=0, const_value={Tensor<INT64,[1]>(array([0]), name=None)}), Value(name='val_15', type=Tensor(INT64), shape=Shape([1]), producer='node_Constant_81', index=0, const_value={Tensor<INT64,[1]>(array([128]), name='val_15')}), SymbolicTensor(name='val_16', type=Tensor(INT64), shape=Shape([1]), producer='node_Constant_16', index=0, const_value={Tensor<INT64,[1]>(array([0]), name=None)})), attributes={}, overload='', outputs=(SymbolicTensor(name='val_20', type=Tensor(FLOAT), shape=Shape([128, 32]), producer='node_Slice_20', index=0),), version=13, doc_string=None) due to large input sizes: [16384, 1, 1, 1]
2026-03-13 02:25:09,875 INFO [onnxscript.optimizer._constant_folding] Skipping constant folding for node Node(name='node_Slice_23', domain='', op_type='Slice', inputs=(SymbolicTensor(name='lstm.weight_ih_l0', type=Tensor(FLOAT), shape=Shape([512, 32]), const_value={TorchTensor(...)}), Value(name='val_15', type=Tensor(INT64), shape=Shape([1]), producer='node_Constant_81', index=0, const_value={Tensor<INT64,[1]>(array([128]), name='val_15')}), Value(name='val_22', type=Tensor(INT64), shape=Shape([1]), const_value={Tensor<INT64,[1]>(array([256]), name='val_22')}), SymbolicTensor(name='val_16', type=Tensor(INT64), shape=Shape([1]), producer='node_Constant_16', index=0, const_value={Tensor<INT64,[1]>(array([0]), name=None)})), attributes={}, overload='', outputs=(SymbolicTensor(name='val_23', type=Tensor(FLOAT), shape=Shape([128, 32]), producer='node_Slice_23', index=0),), version=13, doc_string=None) due to large input sizes: [16384, 1, 1, 1]
2026-03-13 02:25:09,876 INFO [onnxscript.optimizer._constant_folding] Skipping constant folding for node Node(name='node_Slice_27', domain='', op_type='Slice', inputs=(SymbolicTensor(name='lstm.weight_ih_l0', type=Tensor(FLOAT), shape=Shape([512, 32]), const_value={TorchTensor(...)}), Value(name='val_24', type=Tensor(INT64), shape=Shape([1]), const_value={Tensor<INT64,[1]>(array([256]), name='val_24')}), Value(name='val_26', type=Tensor(INT64), shape=Shape([1]), const_value={Tensor<INT64,[1]>(array([384]), name='val_26')}), SymbolicTensor(name='val_16', type=Tensor(INT64), shape=Shape([1]), producer='node_Constant_16', index=0, const_value={Tensor<INT64,[1]>(array([0]), name=None)})), attributes={}, overload='', outputs=(SymbolicTensor(name='val_27', type=Tensor(FLOAT), shape=Shape([128, 32]), producer='node_Slice_27', index=0),), version=13, doc_string=None) due to large input sizes: [16384, 1, 1, 1]
2026-03-13 02:25:09,876 INFO [onnxscript.optimizer._constant_folding] Skipping constant folding for node Node(name='node_Slice_31', domain='', op_type='Slice', inputs=(SymbolicTensor(name='lstm.weight_ih_l0', type=Tensor(FLOAT), shape=Shape([512, 32]), const_value={TorchTensor(...)}), Value(name='val_28', type=Tensor(INT64), shape=Shape([1]), const_value={Tensor<INT64,[1]>(array([384]), name='val_28')}), Value(name='val_30', type=Tensor(INT64), shape=Shape([1]), const_value={Tensor<INT64,[1]>(array([512]), name='val_30')}), SymbolicTensor(name='val_16', type=Tensor(INT64), shape=Shape([1]), producer='node_Constant_16', index=0, const_value={Tensor<INT64,[1]>(array([0]), name=None)})), attributes={}, overload='', outputs=(SymbolicTensor(name='val_31', type=Tensor(FLOAT), shape=Shape([128, 32]), producer='node_Slice_31', index=0),), version=13, doc_string=None) due to large input sizes: [16384, 1, 1, 1]
2026-03-13 02:25:09,877 INFO [onnxscript.optimizer._constant_folding] Skipping constant folding for node Node(name='node_Slice_32', domain='', op_type='Slice', inputs=(SymbolicTensor(name='lstm.weight_hh_l0', type=Tensor(FLOAT), shape=Shape([512, 128]), const_value={TorchTensor(...)}), SymbolicTensor(name='val_16', type=Tensor(INT64), shape=Shape([1]), producer='node_Constant_16', index=0, const_value={Tensor<INT64,[1]>(array([0]), name=None)}), Value(name='val_15', type=Tensor(INT64), shape=Shape([1]), producer='node_Constant_81', index=0, const_value={Tensor<INT64,[1]>(array([128]), name='val_15')}), SymbolicTensor(name='val_16', type=Tensor(INT64), shape=Shape([1]), producer='node_Constant_16', index=0, const_value={Tensor<INT64,[1]>(array([0]), name=None)})), attributes={}, overload='', outputs=(SymbolicTensor(name='val_32', type=Tensor(FLOAT), shape=Shape([128, 128]), producer='node_Slice_32', index=0),), version=13, doc_string=None) due to large input sizes: [65536, 1, 1, 1]
2026-03-13 02:25:09,877 INFO [onnxscript.optimizer._constant_folding] Skipping constant folding for node Node(name='node_Slice_34', domain='', op_type='Slice', inputs=(SymbolicTensor(name='lstm.weight_hh_l0', type=Tensor(FLOAT), shape=Shape([512, 128]), const_value={TorchTensor(...)}), Value(name='val_15', type=Tensor(INT64), shape=Shape([1]), producer='node_Constant_81', index=0, const_value={Tensor<INT64,[1]>(array([128]), name='val_15')}), Value(name='val_33', type=Tensor(INT64), shape=Shape([1]), const_value={Tensor<INT64,[1]>(array([256]), name='val_33')}), SymbolicTensor(name='val_16', type=Tensor(INT64), shape=Shape([1]), producer='node_Constant_16', index=0, const_value={Tensor<INT64,[1]>(array([0]), name=None)})), attributes={}, overload='', outputs=(SymbolicTensor(name='val_34', type=Tensor(FLOAT), shape=Shape([128, 128]), producer='node_Slice_34', index=0),), version=13, doc_string=None) due to large input sizes: [65536, 1, 1, 1]
2026-03-13 02:25:09,878 INFO [onnxscript.optimizer._constant_folding] Skipping constant folding for node Node(name='node_Slice_37', domain='', op_type='Slice', inputs=(SymbolicTensor(name='lstm.weight_hh_l0', type=Tensor(FLOAT), shape=Shape([512, 128]), const_value={TorchTensor(...)}), Value(name='val_35', type=Tensor(INT64), shape=Shape([1]), const_value={Tensor<INT64,[1]>(array([256]), name='val_35')}), Value(name='val_36', type=Tensor(INT64), shape=Shape([1]), const_value={Tensor<INT64,[1]>(array([384]), name='val_36')}), SymbolicTensor(name='val_16', type=Tensor(INT64), shape=Shape([1]), producer='node_Constant_16', index=0, const_value={Tensor<INT64,[1]>(array([0]), name=None)})), attributes={}, overload='', outputs=(SymbolicTensor(name='val_37', type=Tensor(FLOAT), shape=Shape([128, 128]), producer='node_Slice_37', index=0),), version=13, doc_string=None) due to large input sizes: [65536, 1, 1, 1]
2026-03-13 02:25:09,878 INFO [onnxscript.optimizer._constant_folding] Skipping constant folding for node Node(name='node_Slice_40', domain='', op_type='Slice', inputs=(SymbolicTensor(name='lstm.weight_hh_l0', type=Tensor(FLOAT), shape=Shape([512, 128]), const_value={TorchTensor(...)}), Value(name='val_38', type=Tensor(INT64), shape=Shape([1]), const_value={Tensor<INT64,[1]>(array([384]), name='val_38')}), Value(name='val_39', type=Tensor(INT64), shape=Shape([1]), const_value={Tensor<INT64,[1]>(array([512]), name='val_39')}), SymbolicTensor(name='val_16', type=Tensor(INT64), shape=Shape([1]), producer='node_Constant_16', index=0, const_value={Tensor<INT64,[1]>(array([0]), name=None)})), attributes={}, overload='', outputs=(SymbolicTensor(name='val_40', type=Tensor(FLOAT), shape=Shape([128, 128]), producer='node_Slice_40', index=0),), version=13, doc_string=None) due to large input sizes: [65536, 1, 1, 1]
2026-03-13 02:25:09,884 INFO [onnx_ir.passes.common.unused_removal] Removed 2 unused nodes
2026-03-13 02:25:09,884 INFO [onnx_ir.passes.common.unused_removal] No unused functions to remove
2026-03-13 02:25:09,885 INFO [onnx_ir.passes.common.initializer_deduplication] Replaced initializer 'val_24' with existing initializer 'val_22'
2026-03-13 02:25:09,885 INFO [onnx_ir.passes.common.initializer_deduplication] Replaced initializer 'val_28' with existing initializer 'val_26'
2026-03-13 02:25:09,885 INFO [onnx_ir.passes.common.initializer_deduplication] Replaced initializer 'val_33' with existing initializer 'val_22'
2026-03-13 02:25:09,885 INFO [onnx_ir.passes.common.initializer_deduplication] Replaced initializer 'val_35' with existing initializer 'val_22'
2026-03-13 02:25:09,885 INFO [onnx_ir.passes.common.initializer_deduplication] Replaced initializer 'val_36' with existing initializer 'val_26'
2026-03-13 02:25:09,885 INFO [onnx_ir.passes.common.initializer_deduplication] Replaced initializer 'val_38' with existing initializer 'val_26'
2026-03-13 02:25:09,886 INFO [onnx_ir.passes.common.initializer_deduplication] Replaced initializer 'val_39' with existing initializer 'val_30'
2026-03-13 02:25:09,886 INFO [onnx_ir.passes.common.initializer_deduplication] Replaced initializer 'val_8' with existing initializer 'val_2'
2026-03-13 02:25:09,886 INFO [onnx_ir.passes.common.initializer_deduplication] Replaced initializer 'val_10' with existing initializer 'val_4'
2026-03-13 02:25:09,886 INFO [onnx_ir.passes.common.initializer_deduplication] Replaced initializer 'val_12' with existing initializer 'val_6'
2026-03-13 02:25:09,886 INFO [onnx_ir.passes.common.initializer_deduplication] Replaced initializer 'val_15' with existing initializer 'val_6'
2026-03-13 02:25:09,886 INFO [onnx_ir.passes.common.initializer_deduplication] Replaced initializer 'val_17' with existing initializer 'val_4'
2026-03-13 02:25:09,888 INFO [train_sequence_model] ONNX saved: /Users/ent-00379/Downloads/idea/pipeline/data/models/root_cause_sequence.onnx
2026-03-13 02:25:09,889 INFO [train_sequence_model] Copied sequence artifacts to /Users/ent-00379/Downloads/idea/pipeline/data/models/deploy
2026-03-13 02:26:46,122 INFO [train_gnn_model] GNN: 5000 nodes, 29986 edges, 29 features, 7 classes
2026-03-13 02:26:46,875 INFO [train_gnn_model] Epoch 1/5 loss=2.0132 acc=0.0964
2026-03-13 02:26:47,021 INFO [train_gnn_model] Epoch 5/5 loss=1.7561 acc=0.5086
2026-03-13 02:26:47,036 INFO [train_gnn_model] Final node-level accuracy: 0.5086
2026-03-13 02:26:47,041 INFO [train_gnn_model] Saved model: /Users/ent-00379/Downloads/idea/pipeline/data/models/gnn_root_cause.pt
2026-03-13 02:26:47,101 INFO [train_gnn_model] Saved config: /Users/ent-00379/Downloads/idea/pipeline/data/models/gnn_config.json
2026-03-13 02:34:39,539 INFO [run_pipeline] ======================================================================
2026-03-13 02:34:39,539 INFO [run_pipeline] NOC ML PIPELINE — FULL TRAINING
2026-03-13 02:34:39,539 INFO [run_pipeline] ======================================================================
2026-03-13 02:34:39,539 INFO [run_pipeline] 
─────────────────────────────────────────────────────────────────
2026-03-13 02:34:39,539 INFO [run_pipeline]   Step 1/5: Load data from MySQL
2026-03-13 02:34:39,539 INFO [run_pipeline] ─────────────────────────────────────────────────────────────────
2026-03-13 02:34:39,939 INFO [data_loader] ============================================================
2026-03-13 02:34:39,939 INFO [data_loader] NOC PIPELINE — DATA LOADING
2026-03-13 02:34:39,939 INFO [data_loader]   DB: localhost/railtel
2026-03-13 02:34:39,939 INFO [data_loader] ============================================================
2026-03-13 02:34:39,939 INFO [data_loader] Loading NETWORK_ELEMENT...
2026-03-13 02:34:40,910 INFO [data_loader]   Loaded 57,705 network elements
2026-03-13 02:34:41,041 INFO [data_loader]   Saved 57,705 rows → /Users/ent-00379/Downloads/idea/pipeline/data/processed/network_elements.pkl
2026-03-13 02:34:41,041 INFO [data_loader] Loading topology links...
2026-03-13 02:34:41,055 INFO [data_loader]   BGP links: 2,076
2026-03-13 02:34:41,067 INFO [data_loader]   LLDP links: 1,581
2026-03-13 02:34:41,075 INFO [data_loader]   OSPF links: 1,138
2026-03-13 02:34:41,082 INFO [data_loader]   ISIS links: 294
2026-03-13 02:34:41,094 INFO [data_loader]   PRV_ISIS links: 1,123
2026-03-13 02:34:41,096 INFO [data_loader]   Total links: 3,530
2026-03-13 02:34:41,098 INFO [data_loader]   Saved → /Users/ent-00379/Downloads/idea/pipeline/data/processed/topology_links.pkl
2026-03-13 02:34:41,098 INFO [data_loader] Loading KPI definitions (optional)...
2026-03-13 02:34:41,119 INFO [data_loader]   KPI_FORMULA: 523 rows
2026-03-13 02:34:41,133 INFO [data_loader]   KPI_COUNTER: 609 rows
2026-03-13 02:34:41,133 INFO [data_loader] Loading ALARM_LIBRARY (alarm catalog)...
2026-03-13 02:34:41,188 INFO [data_loader]   Alarm library: 3,664 alarm definitions
2026-03-13 02:34:41,192 INFO [data_loader] Loading alarm events...
2026-03-13 02:34:41,192 INFO [alarm_config] Inspecting ALARM table: ALARM ...
2026-03-13 02:34:41,196 INFO [alarm_config]   Found 72 columns: ['ALARM_ID_PK', 'OPEN_TIME', 'CHANGE_TIME', 'REPORTING_TIME', 'FIRST_RECEPTION_TIME', 'FIRST_PROCESSING_TIME', 'LAST_PROCESSING_TIME', 'CLOSURE_TIME', 'CLOSURE_RECEPTION_TIME', 'CLOSURE_PROCESSING_TIME', 'ALARM_EXTERNAL_ID', 'ALARM_CODE', 'ALARM_NAME', 'CLOSURE_EXTERNAL_ID', 'CLASSIFICATION', 'EVENT_TYPE', 'SEVERITY', 'ACTUAL_SEVERITY', 'ALARM_STATUS', 'ENTITY_NAME', 'ENTITY_ID', 'PARENT_ENTITY_ID', 'SUBENTITY', 'ENTITY_TYPE', 'ENTITY_STATUS', 'ENTITY_SERVICE_TYPE', 'LATITUDE', 'LONGITUDE', 'SENDER_NAME', 'SENDER_IP', 'SENDER_HOSTNAME', 'GEOGRAPHY_L1_NAME', 'GEOGRAPHY_L1_ID', 'GEOGRAPHY_L2_NAME', 'GEOGRAPHY_L2_ID', 'GEOGRAPHY_L3_NAME', 'GEOGRAPHY_L3_ID', 'GEOGRAPHY_L4_NAME', 'GEOGRAPHY_L4_ID', 'LOCATION_TYPE', 'LOCATION_ID', 'VENDOR', 'DOMAIN', 'TECHNOLOGY', 'PROBABLE_CAUSE', 'DESCRIPTION', 'SEQUENCE_NUMBER', 'SERVICE_AFFECTED', 'CLOSED_BY', 'CHANGE_REQUEST_ID', 'CORRELATION_TYPE', 'INCIDENT_ID', 'PARTICIPATED_IN_INCIDENT', 'MANUALLY_CLOSEABLE', 'MANUALLY_CLOSED_BY', 'ACKNOWLEDGED', 'ACKNOWLEDGED_BY', 'ACKNOWLEDGE_TIME', 'KAFKA_TOPIC_NAME', 'KAFKA_PARTITION_NO', 'KAFKA_OFFSET', 'OCCURRENCE', 'INSTANCE_ID', 'META_INFO', 'ENTITY_FAMILY', 'CORRELATION_FLAG', 'ADDITIONAL_DETAIL', 'ALARM_GROUP', 'CKT_ID', 'INCIDENT_STATUS', 'ASSIGN_INCIDENT', 'TAG']
2026-03-13 02:34:41,196 INFO [alarm_config]   ✅  ne_id           → ENTITY_ID
2026-03-13 02:34:41,196 INFO [alarm_config]   ✅  alarm_code      → ALARM_CODE
2026-03-13 02:34:41,196 INFO [alarm_config]   ✅  severity        → SEVERITY
2026-03-13 02:34:41,196 INFO [alarm_config]   ✅  timestamp       → OPEN_TIME
2026-03-13 02:34:41,196 INFO [alarm_config]   ✅  root_cause      → PROBABLE_CAUSE
2026-03-13 02:34:41,196 INFO [alarm_config]   ✅  status          → ALARM_STATUS
2026-03-13 02:34:41,196 INFO [alarm_config]   ✅  clear_time      → CLOSURE_TIME
2026-03-13 02:34:41,196 WARNING [alarm_config]   ⚠️   ne_type         → not found; using config value: None
2026-03-13 02:34:41,196 INFO [alarm_config]   ✅  domain          → DOMAIN
2026-03-13 02:34:41,196 INFO [alarm_config]   Schema saved to /Users/ent-00379/Downloads/idea/pipeline/data/alarm_schema.json
2026-03-13 02:34:47,250 INFO [data_loader]   Loaded 500,000+ rows...
2026-03-13 02:34:47,463 INFO [data_loader]   Enriching labels from ALARM_LIBRARY (ALARM_CODE → ALARM_ID → ALARM_IDENTIFIER + CLASSIFICATION)...
2026-03-13 02:34:54,336 INFO [data_loader]   Loaded 1,001,152 alarms — 1,001,152 with ROOT_CAUSE labels
2026-03-13 02:34:55,097 INFO [data_loader] Loading NETWORK_INVENTORY (chunked)...
2026-03-13 02:34:55,098 WARNING [data_loader]   NETWORK_INVENTORY not available: Execution failed on sql '
        SELECT ID, NAME, NI_TYPE, TECHNOLOGY, VENDOR,
               STATUS, STATE, DOMAIN, SOFTWARE_VERSION,
               IS_VIRTUAL, CATEGORY, ROLE,
               NETWORK_ELEMENT_ID_FK,
               PARENT_NETWORK_INVENTORY_ID_FK,
               KERNEL_VERSION, FIRMWARE, BIOS_VERSION
        FROM NETWORK_INVENTORY
        WHERE IS_DELETED = 0
    ': (pymysql.err.ProgrammingError) (1146, "Table 'railtel.network_inventory' doesn't exist")
[SQL: 
        SELECT ID, NAME, NI_TYPE, TECHNOLOGY, VENDOR,
               STATUS, STATE, DOMAIN, SOFTWARE_VERSION,
               IS_VIRTUAL, CATEGORY, ROLE,
               NETWORK_ELEMENT_ID_FK,
               PARENT_NETWORK_INVENTORY_ID_FK,
               KERNEL_VERSION, FIRMWARE, BIOS_VERSION
        FROM NETWORK_INVENTORY
        WHERE IS_DELETED = 0
    ]
(Background on this error at: https://sqlalche.me/e/20/f405)
2026-03-13 02:34:55,114 INFO [data_loader] 
============================================================
2026-03-13 02:34:55,114 INFO [data_loader] DATA LOAD SUMMARY
2026-03-13 02:34:55,114 INFO [data_loader] ============================================================
2026-03-13 02:34:55,114 INFO [data_loader]   Network Elements :     57,705
2026-03-13 02:34:55,114 INFO [data_loader]   Topology Links   :      3,530
2026-03-13 02:34:55,114 INFO [data_loader]   KPI Formulas     :        523
2026-03-13 02:34:55,114 INFO [data_loader]   KPI Counters     :        609
2026-03-13 02:34:55,114 INFO [data_loader]   Alarm Library    :      3,664  (catalog, not events)
2026-03-13 02:34:55,114 INFO [data_loader]   Alarm Events     :  1,001,152
2026-03-13 02:34:55,114 INFO [data_loader]   Labelled Alarms  :  1,001,152  (for root cause training)
2026-03-13 02:34:55,114 INFO [data_loader]   Inventory Items  :          0
2026-03-13 02:34:55,114 INFO [data_loader] ============================================================
2026-03-13 02:34:55,114 INFO [run_pipeline]   Done in 15.6s
2026-03-13 02:34:55,115 INFO [run_pipeline] 
─────────────────────────────────────────────────────────────────
2026-03-13 02:34:55,115 INFO [run_pipeline]   Step 2/5: Build ML features
2026-03-13 02:34:55,115 INFO [run_pipeline] ─────────────────────────────────────────────────────────────────
2026-03-13 02:34:55,930 INFO [feature_builder] 
==================================================
2026-03-13 02:34:55,930 INFO [feature_builder] Building master feature set...
2026-03-13 02:34:55,930 INFO [feature_builder] ==================================================
2026-03-13 02:34:55,930 INFO [feature_builder] Building NE static features...
2026-03-13 02:34:55,994 INFO [feature_builder]   NE static features: 56 columns
2026-03-13 02:34:55,994 INFO [feature_builder] Building graph topology features...
2026-03-13 02:34:56,814 INFO [feature_builder]   Graph: 57,705 nodes, 1,344 edges
2026-03-13 02:34:56,820 INFO [feature_builder]   Computing betweenness centrality (k=500)...
2026-03-13 02:35:00,655 INFO [feature_builder]   Computing clustering coefficients...
2026-03-13 02:35:00,791 INFO [feature_builder]   Graph features built for 57,705 nodes
2026-03-13 02:35:00,792 INFO [feature_builder] Building ISIS link health features per NE...
2026-03-13 02:35:00,805 INFO [feature_builder]   ISIS health features for 158 NEs
2026-03-13 02:35:00,805 INFO [feature_builder] Building hierarchy depth features...
2026-03-13 02:35:00,812 INFO [feature_builder]   Computing hierarchy depths (this may take a moment)...
2026-03-13 02:35:00,852 INFO [feature_builder]   Max hierarchy depth: 1
2026-03-13 02:35:00,855 INFO [feature_builder] 
Master feature set: 57,705 NEs × 82 features
2026-03-13 02:35:00,979 INFO [feature_builder] Saved to /Users/ent-00379/Downloads/idea/pipeline/data/processed/master_features.pkl
2026-03-13 02:35:00,979 INFO [run_pipeline]   Done in 5.9s  (57,705 NEs × 82 features)
2026-03-13 02:35:00,979 INFO [run_pipeline] 
─────────────────────────────────────────────────────────────────
2026-03-13 02:35:00,979 INFO [run_pipeline]   Step 3/5: Train Root Cause Classifier (XGBoost → ONNX)
2026-03-13 02:35:00,979 INFO [run_pipeline] ─────────────────────────────────────────────────────────────────
2026-03-13 02:35:01,114 INFO [train_root_cause] Preparing training data...
2026-03-13 02:36:56,099 INFO [run_pipeline] ======================================================================
2026-03-13 02:36:56,099 INFO [run_pipeline] NOC ML PIPELINE — FULL TRAINING
2026-03-13 02:36:56,099 INFO [run_pipeline] ======================================================================
2026-03-13 02:36:56,099 INFO [run_pipeline] 
─────────────────────────────────────────────────────────────────
2026-03-13 02:36:56,099 INFO [run_pipeline]   Step 1/5: Load data from MySQL
2026-03-13 02:36:56,100 INFO [run_pipeline] ─────────────────────────────────────────────────────────────────
2026-03-13 02:36:56,477 INFO [data_loader] ============================================================
2026-03-13 02:36:56,478 INFO [data_loader] NOC PIPELINE — DATA LOADING
2026-03-13 02:36:56,478 INFO [data_loader]   DB: localhost/railtel
2026-03-13 02:36:56,478 INFO [data_loader] ============================================================
2026-03-13 02:36:56,478 INFO [data_loader] Loading NETWORK_ELEMENT...
2026-03-13 02:36:57,386 INFO [data_loader]   Loaded 57,705 network elements
2026-03-13 02:36:57,540 INFO [data_loader]   Saved 57,705 rows → /Users/ent-00379/Downloads/idea/pipeline/data/processed/network_elements.pkl
2026-03-13 02:36:57,540 INFO [data_loader] Loading topology links...
2026-03-13 02:36:57,554 INFO [data_loader]   BGP links: 2,076
2026-03-13 02:36:57,567 INFO [data_loader]   LLDP links: 1,581
2026-03-13 02:36:57,575 INFO [data_loader]   OSPF links: 1,138
2026-03-13 02:36:57,582 INFO [data_loader]   ISIS links: 294
2026-03-13 02:36:57,591 INFO [data_loader]   PRV_ISIS links: 1,123
2026-03-13 02:36:57,593 INFO [data_loader]   Total links: 3,530
2026-03-13 02:36:57,595 INFO [data_loader]   Saved → /Users/ent-00379/Downloads/idea/pipeline/data/processed/topology_links.pkl
2026-03-13 02:36:57,595 INFO [data_loader] Loading KPI definitions (optional)...
2026-03-13 02:36:57,612 INFO [data_loader]   KPI_FORMULA: 523 rows
2026-03-13 02:36:57,626 INFO [data_loader]   KPI_COUNTER: 609 rows
2026-03-13 02:36:57,626 INFO [data_loader] Loading ALARM_LIBRARY (alarm catalog)...
2026-03-13 02:36:57,672 INFO [data_loader]   Alarm library: 3,664 alarm definitions
2026-03-13 02:36:57,678 INFO [data_loader] Loading alarm events...
2026-03-13 02:36:57,679 INFO [alarm_config] Inspecting ALARM table: ALARM ...
2026-03-13 02:36:57,682 INFO [alarm_config]   Found 72 columns: ['ALARM_ID_PK', 'OPEN_TIME', 'CHANGE_TIME', 'REPORTING_TIME', 'FIRST_RECEPTION_TIME', 'FIRST_PROCESSING_TIME', 'LAST_PROCESSING_TIME', 'CLOSURE_TIME', 'CLOSURE_RECEPTION_TIME', 'CLOSURE_PROCESSING_TIME', 'ALARM_EXTERNAL_ID', 'ALARM_CODE', 'ALARM_NAME', 'CLOSURE_EXTERNAL_ID', 'CLASSIFICATION', 'EVENT_TYPE', 'SEVERITY', 'ACTUAL_SEVERITY', 'ALARM_STATUS', 'ENTITY_NAME', 'ENTITY_ID', 'PARENT_ENTITY_ID', 'SUBENTITY', 'ENTITY_TYPE', 'ENTITY_STATUS', 'ENTITY_SERVICE_TYPE', 'LATITUDE', 'LONGITUDE', 'SENDER_NAME', 'SENDER_IP', 'SENDER_HOSTNAME', 'GEOGRAPHY_L1_NAME', 'GEOGRAPHY_L1_ID', 'GEOGRAPHY_L2_NAME', 'GEOGRAPHY_L2_ID', 'GEOGRAPHY_L3_NAME', 'GEOGRAPHY_L3_ID', 'GEOGRAPHY_L4_NAME', 'GEOGRAPHY_L4_ID', 'LOCATION_TYPE', 'LOCATION_ID', 'VENDOR', 'DOMAIN', 'TECHNOLOGY', 'PROBABLE_CAUSE', 'DESCRIPTION', 'SEQUENCE_NUMBER', 'SERVICE_AFFECTED', 'CLOSED_BY', 'CHANGE_REQUEST_ID', 'CORRELATION_TYPE', 'INCIDENT_ID', 'PARTICIPATED_IN_INCIDENT', 'MANUALLY_CLOSEABLE', 'MANUALLY_CLOSED_BY', 'ACKNOWLEDGED', 'ACKNOWLEDGED_BY', 'ACKNOWLEDGE_TIME', 'KAFKA_TOPIC_NAME', 'KAFKA_PARTITION_NO', 'KAFKA_OFFSET', 'OCCURRENCE', 'INSTANCE_ID', 'META_INFO', 'ENTITY_FAMILY', 'CORRELATION_FLAG', 'ADDITIONAL_DETAIL', 'ALARM_GROUP', 'CKT_ID', 'INCIDENT_STATUS', 'ASSIGN_INCIDENT', 'TAG']
2026-03-13 02:36:57,682 INFO [alarm_config]   ✅  ne_id           → ENTITY_ID
2026-03-13 02:36:57,682 INFO [alarm_config]   ✅  alarm_code      → ALARM_CODE
2026-03-13 02:36:57,682 INFO [alarm_config]   ✅  severity        → SEVERITY
2026-03-13 02:36:57,682 INFO [alarm_config]   ✅  timestamp       → OPEN_TIME
2026-03-13 02:36:57,682 INFO [alarm_config]   ✅  root_cause      → PROBABLE_CAUSE
2026-03-13 02:36:57,682 INFO [alarm_config]   ✅  status          → ALARM_STATUS
2026-03-13 02:36:57,682 INFO [alarm_config]   ✅  clear_time      → CLOSURE_TIME
2026-03-13 02:36:57,682 WARNING [alarm_config]   ⚠️   ne_type         → not found; using config value: None
2026-03-13 02:36:57,682 INFO [alarm_config]   ✅  domain          → DOMAIN
2026-03-13 02:36:57,682 INFO [alarm_config]   Schema saved to /Users/ent-00379/Downloads/idea/pipeline/data/alarm_schema.json
2026-03-13 02:37:03,576 INFO [data_loader]   Loaded 500,000+ rows...
2026-03-13 02:37:03,792 INFO [data_loader]   Enriching labels from ALARM_LIBRARY (ALARM_CODE → ALARM_ID → ALARM_IDENTIFIER + CLASSIFICATION)...
2026-03-13 02:37:10,610 INFO [data_loader]   Loaded 1,001,152 alarms — 1,001,152 with ROOT_CAUSE labels
2026-03-13 02:37:11,431 INFO [data_loader] Loading NETWORK_INVENTORY (chunked)...
2026-03-13 02:37:11,434 WARNING [data_loader]   NETWORK_INVENTORY not available: Execution failed on sql '
        SELECT ID, NAME, NI_TYPE, TECHNOLOGY, VENDOR,
               STATUS, STATE, DOMAIN, SOFTWARE_VERSION,
               IS_VIRTUAL, CATEGORY, ROLE,
               NETWORK_ELEMENT_ID_FK,
               PARENT_NETWORK_INVENTORY_ID_FK,
               KERNEL_VERSION, FIRMWARE, BIOS_VERSION
        FROM NETWORK_INVENTORY
        WHERE IS_DELETED = 0
    ': (pymysql.err.ProgrammingError) (1146, "Table 'railtel.network_inventory' doesn't exist")
[SQL: 
        SELECT ID, NAME, NI_TYPE, TECHNOLOGY, VENDOR,
               STATUS, STATE, DOMAIN, SOFTWARE_VERSION,
               IS_VIRTUAL, CATEGORY, ROLE,
               NETWORK_ELEMENT_ID_FK,
               PARENT_NETWORK_INVENTORY_ID_FK,
               KERNEL_VERSION, FIRMWARE, BIOS_VERSION
        FROM NETWORK_INVENTORY
        WHERE IS_DELETED = 0
    ]
(Background on this error at: https://sqlalche.me/e/20/f405)
2026-03-13 02:37:11,450 INFO [data_loader] 
============================================================
2026-03-13 02:37:11,450 INFO [data_loader] DATA LOAD SUMMARY
2026-03-13 02:37:11,450 INFO [data_loader] ============================================================
2026-03-13 02:37:11,450 INFO [data_loader]   Network Elements :     57,705
2026-03-13 02:37:11,450 INFO [data_loader]   Topology Links   :      3,530
2026-03-13 02:37:11,450 INFO [data_loader]   KPI Formulas     :        523
2026-03-13 02:37:11,450 INFO [data_loader]   KPI Counters     :        609
2026-03-13 02:37:11,450 INFO [data_loader]   Alarm Library    :      3,664  (catalog, not events)
2026-03-13 02:37:11,451 INFO [data_loader]   Alarm Events     :  1,001,152
2026-03-13 02:37:11,451 INFO [data_loader]   Labelled Alarms  :  1,001,152  (for root cause training)
2026-03-13 02:37:11,451 INFO [data_loader]   Inventory Items  :          0
2026-03-13 02:37:11,451 INFO [data_loader] ============================================================
2026-03-13 02:37:11,451 INFO [run_pipeline]   Done in 15.4s
2026-03-13 02:37:11,451 INFO [run_pipeline] 
─────────────────────────────────────────────────────────────────
2026-03-13 02:37:11,451 INFO [run_pipeline]   Step 2/5: Build ML features
2026-03-13 02:37:11,451 INFO [run_pipeline] ─────────────────────────────────────────────────────────────────
2026-03-13 02:37:12,264 INFO [feature_builder] 
==================================================
2026-03-13 02:37:12,264 INFO [feature_builder] Building master feature set...
2026-03-13 02:37:12,264 INFO [feature_builder] ==================================================
2026-03-13 02:37:12,264 INFO [feature_builder] Building NE static features...
2026-03-13 02:37:12,329 INFO [feature_builder]   NE static features: 56 columns
2026-03-13 02:37:12,329 INFO [feature_builder] Building graph topology features...
2026-03-13 02:37:13,132 INFO [feature_builder]   Graph: 57,705 nodes, 1,344 edges
2026-03-13 02:37:13,137 INFO [feature_builder]   Computing betweenness centrality (k=500)...
2026-03-13 02:37:16,887 INFO [feature_builder]   Computing clustering coefficients...
2026-03-13 02:37:17,026 INFO [feature_builder]   Graph features built for 57,705 nodes
2026-03-13 02:37:17,027 INFO [feature_builder] Building ISIS link health features per NE...
2026-03-13 02:37:17,039 INFO [feature_builder]   ISIS health features for 158 NEs
2026-03-13 02:37:17,039 INFO [feature_builder] Building hierarchy depth features...
2026-03-13 02:37:17,045 INFO [feature_builder]   Computing hierarchy depths (this may take a moment)...
2026-03-13 02:37:17,087 INFO [feature_builder]   Max hierarchy depth: 1
2026-03-13 02:37:17,105 INFO [feature_builder] 
Master feature set: 57,705 NEs × 82 features
2026-03-13 02:37:17,213 INFO [feature_builder] Saved to /Users/ent-00379/Downloads/idea/pipeline/data/processed/master_features.pkl
2026-03-13 02:37:17,213 INFO [run_pipeline]   Done in 5.8s  (57,705 NEs × 82 features)
2026-03-13 02:37:17,213 INFO [run_pipeline] 
─────────────────────────────────────────────────────────────────
2026-03-13 02:37:17,213 INFO [run_pipeline]   Step 3/5: Train Root Cause Classifier (XGBoost → ONNX)
2026-03-13 02:37:17,213 INFO [run_pipeline] ─────────────────────────────────────────────────────────────────
2026-03-13 02:37:17,348 INFO [train_root_cause] Preparing training data...
2026-03-13 02:37:17,792 INFO [train_root_cause] Training samples after join: 0
2026-03-13 02:37:17,793 INFO [train_root_cause] Training samples with labels: 0
2026-03-13 02:37:17,793 WARNING [train_root_cause] Only 0 labelled samples — adding synthetic data to reach 50k
2026-03-13 02:37:17,793 INFO [train_root_cause] Generating 50,000 synthetic training samples...
2026-03-13 02:37:19,070 INFO [train_root_cause]   Root cause distribution:
CONFIGURATION_ERROR    12492
HARDWARE_FAILURE       10099
BACKHAUL_ISSUE          9973
POWER_ISSUE             9865
UNKNOWN                 7529
LINK_CONGESTION           17
INTERFACE_ERROR           12
LATENCY_HIGH               8
PACKET_LOSS                5
Name: count, dtype: int64
2026-03-13 02:37:19,084 INFO [train_root_cause] 
==================================================
2026-03-13 02:37:19,084 INFO [train_root_cause] TRAINING ROOT CAUSE CLASSIFIER
2026-03-13 02:37:19,084 INFO [train_root_cause] ==================================================
2026-03-13 02:37:19,085 INFO [train_root_cause] Using 41 features
2026-03-13 02:37:19,096 INFO [train_root_cause] Classes (9): [np.str_('BACKHAUL_ISSUE'), np.str_('CONFIGURATION_ERROR'), np.str_('HARDWARE_FAILURE'), np.str_('INTERFACE_ERROR'), np.str_('LATENCY_HIGH'), np.str_('LINK_CONGESTION'), np.str_('PACKET_LOSS'), np.str_('POWER_ISSUE'), np.str_('UNKNOWN')]
2026-03-13 02:37:19,113 INFO [train_root_cause] Train: 40,000  Test: 10,000
2026-03-13 02:37:19,113 INFO [train_root_cause] Training XGBoost model...
2026-03-13 02:37:19,515 INFO [train_root_cause] 
Classification Report:
2026-03-13 02:37:19,519 INFO [train_root_cause]                      precision    recall  f1-score   support

     BACKHAUL_ISSUE       0.00      0.00      0.00      1995
CONFIGURATION_ERROR       0.25      1.00      0.40      2498
   HARDWARE_FAILURE       0.00      0.00      0.00      2020
    INTERFACE_ERROR       0.00      0.00      0.00         2
       LATENCY_HIGH       0.00      0.00      0.00         2
    LINK_CONGESTION       0.00      0.00      0.00         3
        PACKET_LOSS       0.00      0.00      0.00         1
        POWER_ISSUE       0.00      0.00      0.00      1973
            UNKNOWN       0.00      0.00      0.00      1506

           accuracy                           0.25     10000
          macro avg       0.03      0.11      0.04     10000
       weighted avg       0.06      0.25      0.10     10000

2026-03-13 02:37:19,519 INFO [train_root_cause] 
Overall Accuracy: 0.250
2026-03-13 02:37:19,520 INFO [train_root_cause] 
Top 15 Most Important Features:
2026-03-13 02:37:19,521 INFO [train_root_cause]                   feature  importance
30    SRC_AVG_UTILIZATION    0.138905
29    SRC_MAX_UTILIZATION    0.129717
37      LINK_HEALTH_SCORE    0.116137
20            BETWEENNESS    0.074311
8         ADMIN_STATE_ENC    0.062241
35    DST_MAX_UTILIZATION    0.049793
23                IS_LEAF    0.042549
9             NE_AGE_DAYS    0.041995
25             TOPO_LAYER    0.040982
22         COMPONENT_SIZE    0.036573
4           NE_STATUS_ENC    0.035915
5   OPERATIONAL_STATE_ENC    0.035629
26        HIERARCHY_DEPTH    0.035028
21        CLUSTERING_COEF    0.032989
2              VENDOR_ENC    0.032525
2026-03-13 02:37:19,527 INFO [train_root_cause] 
Model saved to /Users/ent-00379/Downloads/idea/pipeline/data/models/
2026-03-13 02:37:19,527 INFO [train_root_cause] 
Exporting model to ONNX...
2026-03-13 02:37:19,574 INFO [train_root_cause] ONNX model saved: /Users/ent-00379/Downloads/idea/pipeline/data/models/root_cause_classifier.onnx
2026-03-13 02:37:19,574 INFO [train_root_cause]   Input:  [None, 41] float32
2026-03-13 02:37:19,574 INFO [train_root_cause]   Output: [None, 9] float32 (class probabilities)
2026-03-13 02:37:19,574 INFO [train_root_cause]   File size: 81.9 KB
2026-03-13 02:37:19,574 INFO [run_pipeline]   Done in 2.4s  accuracy=0.25
2026-03-13 02:37:19,574 INFO [run_pipeline] 
─────────────────────────────────────────────────────────────────
2026-03-13 02:37:19,574 INFO [run_pipeline]   Step 4/5: Train Alarm Propagation model
2026-03-13 02:37:19,574 INFO [run_pipeline] ─────────────────────────────────────────────────────────────────
2026-03-13 02:37:19,574 INFO [train_propagation] Building alarm sequences...
2026-03-13 02:37:38,873 INFO [train_propagation]   Built 62 alarm sessions from 1,001,152 alarms
2026-03-13 02:37:38,904 INFO [train_propagation] Learning alarm propagation rules...
2026-03-13 02:37:39,010 INFO [train_propagation]   Learned 2,109 propagation rules
2026-03-13 02:37:39,010 INFO [train_propagation]   Covering 103 root alarms
2026-03-13 02:37:39,010 INFO [train_propagation]   High confidence rules (≥70%): 1,956
2026-03-13 02:37:39,024 INFO [train_propagation] Rules saved to /Users/ent-00379/Downloads/idea/pipeline/data/models/alarm_propagation_rules.json
2026-03-13 02:37:39,024 INFO [train_propagation] File size: 464.0 KB
2026-03-13 02:37:39,024 INFO [run_pipeline]   Done in 19.4s  2,109 rules
2026-03-13 02:37:39,024 INFO [run_pipeline] 
─────────────────────────────────────────────────────────────────
2026-03-13 02:37:39,024 INFO [run_pipeline]   Step 4b: Alarm correlation (incidents)
2026-03-13 02:37:39,024 INFO [run_pipeline] ─────────────────────────────────────────────────────────────────
2026-03-13 02:37:59,551 INFO [alarm_correlator] Correlated 1,001,152 alarms into 15,678 incidents (window=30 min)
2026-03-13 02:37:59,673 INFO [alarm_correlator] Saved /Users/ent-00379/Downloads/idea/pipeline/data/processed/incidents.pkl
2026-03-13 02:37:59,684 INFO [run_pipeline]   Done in 20.7s
2026-03-13 02:37:59,684 INFO [run_pipeline] 
─────────────────────────────────────────────────────────────────
2026-03-13 02:37:59,684 INFO [run_pipeline]   Step 4c: Train sequence model (LSTM → ONNX)
2026-03-13 02:37:59,684 INFO [run_pipeline] ─────────────────────────────────────────────────────────────────
2026-03-13 02:37:59,762 INFO [train_sequence_model] Vocab size=114, classes=9, incidents=15678
2026-03-13 02:43:04,759 INFO [run_pipeline] ======================================================================
2026-03-13 02:43:04,760 INFO [run_pipeline] NOC ML PIPELINE — FULL TRAINING
2026-03-13 02:43:04,760 INFO [run_pipeline] ======================================================================
2026-03-13 02:43:04,760 INFO [run_pipeline] 
─────────────────────────────────────────────────────────────────
2026-03-13 02:43:04,760 INFO [run_pipeline]   Step 1/5: Load data from MySQL
2026-03-13 02:43:04,760 INFO [run_pipeline] ─────────────────────────────────────────────────────────────────
2026-03-13 02:43:05,144 INFO [data_loader] ============================================================
2026-03-13 02:43:05,144 INFO [data_loader] NOC PIPELINE — DATA LOADING
2026-03-13 02:43:05,144 INFO [data_loader]   DB: localhost/railtel
2026-03-13 02:43:05,144 INFO [data_loader] ============================================================
2026-03-13 02:43:05,144 INFO [data_loader] Loading NETWORK_ELEMENT...
2026-03-13 02:43:06,095 INFO [data_loader]   Loaded 57,705 network elements
2026-03-13 02:43:06,225 INFO [data_loader]   Saved 57,705 rows → /Users/ent-00379/Downloads/idea/pipeline/data/processed/network_elements.pkl
2026-03-13 02:43:06,225 INFO [data_loader] Loading topology links...
2026-03-13 02:43:06,243 INFO [data_loader]   BGP links: 2,076
2026-03-13 02:43:06,259 INFO [data_loader]   LLDP links: 1,581
2026-03-13 02:43:06,291 INFO [data_loader]   OSPF links: 1,138
2026-03-13 02:43:06,300 INFO [data_loader]   ISIS links: 294
2026-03-13 02:43:06,311 INFO [data_loader]   PRV_ISIS links: 1,123
2026-03-13 02:43:06,314 INFO [data_loader]   Total links: 3,530
2026-03-13 02:43:06,316 INFO [data_loader]   Saved → /Users/ent-00379/Downloads/idea/pipeline/data/processed/topology_links.pkl
2026-03-13 02:43:06,316 INFO [data_loader] Loading KPI definitions (optional)...
2026-03-13 02:43:06,333 INFO [data_loader]   KPI_FORMULA: 523 rows
2026-03-13 02:43:06,349 INFO [data_loader]   KPI_COUNTER: 609 rows
2026-03-13 02:43:06,349 INFO [data_loader] Loading ALARM_LIBRARY (alarm catalog)...
2026-03-13 02:43:06,397 INFO [data_loader]   Alarm library: 3,664 alarm definitions
2026-03-13 02:43:06,401 INFO [data_loader] Loading alarm events...
2026-03-13 02:43:06,401 INFO [alarm_config] Inspecting ALARM table: ALARM ...
2026-03-13 02:43:06,405 INFO [alarm_config]   Found 72 columns: ['ALARM_ID_PK', 'OPEN_TIME', 'CHANGE_TIME', 'REPORTING_TIME', 'FIRST_RECEPTION_TIME', 'FIRST_PROCESSING_TIME', 'LAST_PROCESSING_TIME', 'CLOSURE_TIME', 'CLOSURE_RECEPTION_TIME', 'CLOSURE_PROCESSING_TIME', 'ALARM_EXTERNAL_ID', 'ALARM_CODE', 'ALARM_NAME', 'CLOSURE_EXTERNAL_ID', 'CLASSIFICATION', 'EVENT_TYPE', 'SEVERITY', 'ACTUAL_SEVERITY', 'ALARM_STATUS', 'ENTITY_NAME', 'ENTITY_ID', 'PARENT_ENTITY_ID', 'SUBENTITY', 'ENTITY_TYPE', 'ENTITY_STATUS', 'ENTITY_SERVICE_TYPE', 'LATITUDE', 'LONGITUDE', 'SENDER_NAME', 'SENDER_IP', 'SENDER_HOSTNAME', 'GEOGRAPHY_L1_NAME', 'GEOGRAPHY_L1_ID', 'GEOGRAPHY_L2_NAME', 'GEOGRAPHY_L2_ID', 'GEOGRAPHY_L3_NAME', 'GEOGRAPHY_L3_ID', 'GEOGRAPHY_L4_NAME', 'GEOGRAPHY_L4_ID', 'LOCATION_TYPE', 'LOCATION_ID', 'VENDOR', 'DOMAIN', 'TECHNOLOGY', 'PROBABLE_CAUSE', 'DESCRIPTION', 'SEQUENCE_NUMBER', 'SERVICE_AFFECTED', 'CLOSED_BY', 'CHANGE_REQUEST_ID', 'CORRELATION_TYPE', 'INCIDENT_ID', 'PARTICIPATED_IN_INCIDENT', 'MANUALLY_CLOSEABLE', 'MANUALLY_CLOSED_BY', 'ACKNOWLEDGED', 'ACKNOWLEDGED_BY', 'ACKNOWLEDGE_TIME', 'KAFKA_TOPIC_NAME', 'KAFKA_PARTITION_NO', 'KAFKA_OFFSET', 'OCCURRENCE', 'INSTANCE_ID', 'META_INFO', 'ENTITY_FAMILY', 'CORRELATION_FLAG', 'ADDITIONAL_DETAIL', 'ALARM_GROUP', 'CKT_ID', 'INCIDENT_STATUS', 'ASSIGN_INCIDENT', 'TAG']
2026-03-13 02:43:06,405 INFO [alarm_config]   ✅  ne_id           → ENTITY_ID
2026-03-13 02:43:06,405 INFO [alarm_config]   ✅  alarm_code      → ALARM_CODE
2026-03-13 02:43:06,405 INFO [alarm_config]   ✅  severity        → SEVERITY
2026-03-13 02:43:06,405 INFO [alarm_config]   ✅  timestamp       → OPEN_TIME
2026-03-13 02:43:06,405 INFO [alarm_config]   ✅  root_cause      → PROBABLE_CAUSE
2026-03-13 02:43:06,405 INFO [alarm_config]   ✅  status          → ALARM_STATUS
2026-03-13 02:43:06,405 INFO [alarm_config]   ✅  clear_time      → CLOSURE_TIME
2026-03-13 02:43:06,405 WARNING [alarm_config]   ⚠️   ne_type         → not found; using config value: None
2026-03-13 02:43:06,405 INFO [alarm_config]   ✅  domain          → DOMAIN
2026-03-13 02:43:06,405 INFO [alarm_config]   Schema saved to /Users/ent-00379/Downloads/idea/pipeline/data/alarm_schema.json
2026-03-13 02:43:12,291 INFO [data_loader]   Loaded 500,000+ rows...
2026-03-13 02:43:12,502 INFO [data_loader]   Enriching labels from ALARM_LIBRARY (ALARM_CODE → ALARM_ID → ALARM_IDENTIFIER + CLASSIFICATION)...
2026-03-13 02:43:19,308 INFO [data_loader]   Loaded 1,001,152 alarms — 1,001,152 with ROOT_CAUSE labels
2026-03-13 02:43:20,067 INFO [data_loader] Loading NETWORK_INVENTORY (chunked)...
2026-03-13 02:43:20,068 WARNING [data_loader]   NETWORK_INVENTORY not available: Execution failed on sql '
        SELECT ID, NAME, NI_TYPE, TECHNOLOGY, VENDOR,
               STATUS, STATE, DOMAIN, SOFTWARE_VERSION,
               IS_VIRTUAL, CATEGORY, ROLE,
               NETWORK_ELEMENT_ID_FK,
               PARENT_NETWORK_INVENTORY_ID_FK,
               KERNEL_VERSION, FIRMWARE, BIOS_VERSION
        FROM NETWORK_INVENTORY
        WHERE IS_DELETED = 0
    ': (pymysql.err.ProgrammingError) (1146, "Table 'railtel.network_inventory' doesn't exist")
[SQL: 
        SELECT ID, NAME, NI_TYPE, TECHNOLOGY, VENDOR,
               STATUS, STATE, DOMAIN, SOFTWARE_VERSION,
               IS_VIRTUAL, CATEGORY, ROLE,
               NETWORK_ELEMENT_ID_FK,
               PARENT_NETWORK_INVENTORY_ID_FK,
               KERNEL_VERSION, FIRMWARE, BIOS_VERSION
        FROM NETWORK_INVENTORY
        WHERE IS_DELETED = 0
    ]
(Background on this error at: https://sqlalche.me/e/20/f405)
2026-03-13 02:43:20,084 INFO [data_loader] 
============================================================
2026-03-13 02:43:20,084 INFO [data_loader] DATA LOAD SUMMARY
2026-03-13 02:43:20,084 INFO [data_loader] ============================================================
2026-03-13 02:43:20,084 INFO [data_loader]   Network Elements :     57,705
2026-03-13 02:43:20,084 INFO [data_loader]   Topology Links   :      3,530
2026-03-13 02:43:20,085 INFO [data_loader]   KPI Formulas     :        523
2026-03-13 02:43:20,085 INFO [data_loader]   KPI Counters     :        609
2026-03-13 02:43:20,085 INFO [data_loader]   Alarm Library    :      3,664  (catalog, not events)
2026-03-13 02:43:20,085 INFO [data_loader]   Alarm Events     :  1,001,152
2026-03-13 02:43:20,085 INFO [data_loader]   Labelled Alarms  :  1,001,152  (for root cause training)
2026-03-13 02:43:20,085 INFO [data_loader]   Inventory Items  :          0
2026-03-13 02:43:20,085 INFO [data_loader] ============================================================
2026-03-13 02:43:20,085 INFO [run_pipeline]   Done in 15.3s
2026-03-13 02:43:20,085 INFO [run_pipeline] 
─────────────────────────────────────────────────────────────────
2026-03-13 02:43:20,085 INFO [run_pipeline]   Step 2/5: Build ML features
2026-03-13 02:43:20,085 INFO [run_pipeline] ─────────────────────────────────────────────────────────────────
2026-03-13 02:43:20,917 INFO [feature_builder] 
==================================================
2026-03-13 02:43:20,917 INFO [feature_builder] Building master feature set...
2026-03-13 02:43:20,917 INFO [feature_builder] ==================================================
2026-03-13 02:43:20,917 INFO [feature_builder] Building NE static features...
2026-03-13 02:43:20,982 INFO [feature_builder]   NE static features: 56 columns
2026-03-13 02:43:20,982 INFO [feature_builder] Building graph topology features...
2026-03-13 02:43:21,795 INFO [feature_builder]   Graph: 57,705 nodes, 1,344 edges
2026-03-13 02:43:21,801 INFO [feature_builder]   Computing betweenness centrality (k=500)...
2026-03-13 02:43:25,684 INFO [feature_builder]   Computing clustering coefficients...
2026-03-13 02:43:25,820 INFO [feature_builder]   Graph features built for 57,705 nodes
2026-03-13 02:43:25,821 INFO [feature_builder] Building ISIS link health features per NE...
2026-03-13 02:43:25,833 INFO [feature_builder]   ISIS health features for 158 NEs
2026-03-13 02:43:25,833 INFO [feature_builder] Building hierarchy depth features...
2026-03-13 02:43:25,839 INFO [feature_builder]   Computing hierarchy depths (this may take a moment)...
2026-03-13 02:43:25,879 INFO [feature_builder]   Max hierarchy depth: 1
2026-03-13 02:43:25,882 INFO [feature_builder] 
Master feature set: 57,705 NEs × 82 features
2026-03-13 02:43:25,974 INFO [feature_builder] Saved to /Users/ent-00379/Downloads/idea/pipeline/data/processed/master_features.pkl
2026-03-13 02:43:25,974 INFO [run_pipeline]   Done in 5.9s  (57,705 NEs × 82 features)
2026-03-13 02:43:25,974 INFO [run_pipeline] 
─────────────────────────────────────────────────────────────────
2026-03-13 02:43:25,974 INFO [run_pipeline]   Step 3/5: Train Root Cause Classifier (XGBoost → ONNX)
2026-03-13 02:43:25,974 INFO [run_pipeline] ─────────────────────────────────────────────────────────────────
2026-03-13 02:43:26,107 INFO [train_root_cause] Preparing training data...
2026-03-13 02:43:26,555 INFO [train_root_cause] Training samples after join: 0
2026-03-13 02:43:26,556 INFO [train_root_cause] Training samples with labels: 0
2026-03-13 02:43:26,556 WARNING [train_root_cause] Only 0 labelled samples — adding synthetic data to reach 50k
2026-03-13 02:43:26,556 INFO [train_root_cause] Generating 50,000 synthetic training samples...
2026-03-13 02:43:27,827 INFO [train_root_cause]   Root cause distribution:
CONFIGURATION_ERROR    12241
HARDWARE_FAILURE       10249
BACKHAUL_ISSUE          9973
POWER_ISSUE             9970
UNKNOWN                 7527
LINK_CONGESTION           18
INTERFACE_ERROR           12
PACKET_LOSS                8
LATENCY_HIGH               2
Name: count, dtype: int64
2026-03-13 02:43:27,843 INFO [train_root_cause] 
==================================================
2026-03-13 02:43:27,843 INFO [train_root_cause] TRAINING ROOT CAUSE CLASSIFIER
2026-03-13 02:43:27,843 INFO [train_root_cause] ==================================================
2026-03-13 02:43:27,843 INFO [train_root_cause] Using 41 features
2026-03-13 02:43:27,855 INFO [train_root_cause] Classes (9): [np.str_('BACKHAUL_ISSUE'), np.str_('CONFIGURATION_ERROR'), np.str_('HARDWARE_FAILURE'), np.str_('INTERFACE_ERROR'), np.str_('LATENCY_HIGH'), np.str_('LINK_CONGESTION'), np.str_('PACKET_LOSS'), np.str_('POWER_ISSUE'), np.str_('UNKNOWN')]
2026-03-13 02:43:27,872 INFO [train_root_cause] Train: 40,000  Test: 10,000
2026-03-13 02:43:27,872 INFO [train_root_cause] Training XGBoost model...
2026-03-13 02:43:28,457 INFO [train_root_cause] 
Classification Report:
2026-03-13 02:43:28,461 INFO [train_root_cause]                      precision    recall  f1-score   support

     BACKHAUL_ISSUE       0.17      0.00      0.00      1995
CONFIGURATION_ERROR       0.24      1.00      0.39      2448
   HARDWARE_FAILURE       0.14      0.00      0.00      2050
    INTERFACE_ERROR       0.00      0.00      0.00         2
    LINK_CONGESTION       0.00      0.00      0.00         4
        PACKET_LOSS       0.00      0.00      0.00         2
        POWER_ISSUE       0.00      0.00      0.00      1994
            UNKNOWN       0.00      0.00      0.00      1505

           accuracy                           0.24     10000
          macro avg       0.07      0.12      0.05     10000
       weighted avg       0.12      0.24      0.10     10000

2026-03-13 02:43:28,461 INFO [train_root_cause] 
Overall Accuracy: 0.244
2026-03-13 02:43:28,461 INFO [train_root_cause] 
Top 15 Most Important Features:
2026-03-13 02:43:28,463 INFO [train_root_cause]                   feature  importance
29    SRC_MAX_UTILIZATION    0.139171
37      LINK_HEALTH_SCORE    0.132743
30    SRC_AVG_UTILIZATION    0.123349
20            BETWEENNESS    0.068540
35    DST_MAX_UTILIZATION    0.054518
8         ADMIN_STATE_ENC    0.051053
25             TOPO_LAYER    0.048388
9             NE_AGE_DAYS    0.037808
23                IS_LEAF    0.037281
19           GRAPH_DEGREE    0.034084
22         COMPONENT_SIZE    0.033900
26        HIERARCHY_DEPTH    0.032025
1          TECHNOLOGY_ENC    0.031447
5   OPERATIONAL_STATE_ENC    0.030589
2              VENDOR_ENC    0.030310
2026-03-13 02:43:28,467 INFO [train_root_cause] 
Model saved to /Users/ent-00379/Downloads/idea/pipeline/data/models/
2026-03-13 02:43:28,467 INFO [train_root_cause] 
Exporting model to ONNX...
2026-03-13 02:43:28,534 INFO [train_root_cause] ONNX model saved: /Users/ent-00379/Downloads/idea/pipeline/data/models/root_cause_classifier.onnx
2026-03-13 02:43:28,534 INFO [train_root_cause]   Input:  [None, 41] float32
2026-03-13 02:43:28,534 INFO [train_root_cause]   Output: [None, 9] float32 (class probabilities)
2026-03-13 02:43:28,534 INFO [train_root_cause]   File size: 225.5 KB
2026-03-13 02:43:28,534 INFO [run_pipeline]   Done in 2.6s  accuracy=0.244
2026-03-13 02:43:28,534 INFO [run_pipeline] 
─────────────────────────────────────────────────────────────────
2026-03-13 02:43:28,534 INFO [run_pipeline]   Step 4/5: Train Alarm Propagation model
2026-03-13 02:43:28,534 INFO [run_pipeline] ─────────────────────────────────────────────────────────────────
2026-03-13 02:43:28,535 INFO [train_propagation] Building alarm sequences...
2026-03-13 02:43:47,992 INFO [train_propagation]   Built 62 alarm sessions from 1,001,152 alarms
2026-03-13 02:43:48,023 INFO [train_propagation] Learning alarm propagation rules...
2026-03-13 02:43:48,122 INFO [train_propagation]   Learned 2,109 propagation rules
2026-03-13 02:43:48,122 INFO [train_propagation]   Covering 103 root alarms
2026-03-13 02:43:48,122 INFO [train_propagation]   High confidence rules (≥70%): 1,956
2026-03-13 02:43:48,137 INFO [train_propagation] Rules saved to /Users/ent-00379/Downloads/idea/pipeline/data/models/alarm_propagation_rules.json
2026-03-13 02:43:48,137 INFO [train_propagation] File size: 464.0 KB
2026-03-13 02:43:48,137 INFO [run_pipeline]   Done in 19.6s  2,109 rules
2026-03-13 02:43:48,137 INFO [run_pipeline] 
─────────────────────────────────────────────────────────────────
2026-03-13 02:43:48,137 INFO [run_pipeline]   Step 4b: Alarm correlation (incidents)
2026-03-13 02:43:48,137 INFO [run_pipeline] ─────────────────────────────────────────────────────────────────
2026-03-13 02:44:08,970 INFO [alarm_correlator] Correlated 1,001,152 alarms into 15,678 incidents (window=30 min)
2026-03-13 02:44:09,097 INFO [alarm_correlator] Saved /Users/ent-00379/Downloads/idea/pipeline/data/processed/incidents.pkl
2026-03-13 02:44:09,107 INFO [run_pipeline]   Done in 21.0s
2026-03-13 02:44:09,107 INFO [run_pipeline] 
─────────────────────────────────────────────────────────────────
2026-03-13 02:44:09,108 INFO [run_pipeline]   Step 4c: Train sequence model (LSTM → ONNX)
2026-03-13 02:44:09,108 INFO [run_pipeline] ─────────────────────────────────────────────────────────────────
2026-03-13 02:44:09,186 INFO [train_sequence_model] Vocab size=114, classes=9, incidents=15678
2026-03-13 02:44:10,492 INFO [train_sequence_model] Training LSTM (5 epochs, batch=256)...
2026-03-13 02:47:42,088 INFO [run_pipeline] ======================================================================
2026-03-13 02:47:42,088 INFO [run_pipeline] NOC ML PIPELINE — FULL TRAINING
2026-03-13 02:47:42,088 INFO [run_pipeline] ======================================================================
2026-03-13 02:47:42,088 INFO [run_pipeline] 
─────────────────────────────────────────────────────────────────
2026-03-13 02:47:42,088 INFO [run_pipeline]   Step 1/5: Load data from MySQL
2026-03-13 02:47:42,088 INFO [run_pipeline] ─────────────────────────────────────────────────────────────────
2026-03-13 02:47:42,460 INFO [data_loader] ============================================================
2026-03-13 02:47:42,460 INFO [data_loader] NOC PIPELINE — DATA LOADING
2026-03-13 02:47:42,460 INFO [data_loader]   DB: localhost/railtel
2026-03-13 02:47:42,460 INFO [data_loader] ============================================================
2026-03-13 02:47:42,460 INFO [data_loader] Loading NETWORK_ELEMENT...
2026-03-13 02:47:43,376 INFO [data_loader]   Loaded 57,705 network elements
2026-03-13 02:47:43,510 INFO [data_loader]   Saved 57,705 rows → /Users/ent-00379/Downloads/idea/pipeline/data/processed/network_elements.pkl
2026-03-13 02:47:43,510 INFO [data_loader] Loading topology links...
2026-03-13 02:47:43,520 INFO [data_loader]   BGP links: 2,076
2026-03-13 02:47:43,534 INFO [data_loader]   LLDP links: 1,581
2026-03-13 02:47:43,543 INFO [data_loader]   OSPF links: 1,138
2026-03-13 02:47:43,548 INFO [data_loader]   ISIS links: 294
2026-03-13 02:47:43,555 INFO [data_loader]   PRV_ISIS links: 1,123
2026-03-13 02:47:43,558 INFO [data_loader]   Total links: 3,530
2026-03-13 02:47:43,559 INFO [data_loader]   Saved → /Users/ent-00379/Downloads/idea/pipeline/data/processed/topology_links.pkl
2026-03-13 02:47:43,559 INFO [data_loader] Loading KPI definitions (optional)...
2026-03-13 02:47:43,575 INFO [data_loader]   KPI_FORMULA: 523 rows
2026-03-13 02:47:43,589 INFO [data_loader]   KPI_COUNTER: 609 rows
2026-03-13 02:47:43,589 INFO [data_loader] Loading ALARM_LIBRARY (alarm catalog)...
2026-03-13 02:47:43,633 INFO [data_loader]   Alarm library: 3,664 alarm definitions
2026-03-13 02:47:43,636 INFO [data_loader] Loading alarm events...
2026-03-13 02:47:43,636 INFO [alarm_config] Inspecting ALARM table: ALARM ...
2026-03-13 02:47:43,639 INFO [alarm_config]   Found 72 columns: ['ALARM_ID_PK', 'OPEN_TIME', 'CHANGE_TIME', 'REPORTING_TIME', 'FIRST_RECEPTION_TIME', 'FIRST_PROCESSING_TIME', 'LAST_PROCESSING_TIME', 'CLOSURE_TIME', 'CLOSURE_RECEPTION_TIME', 'CLOSURE_PROCESSING_TIME', 'ALARM_EXTERNAL_ID', 'ALARM_CODE', 'ALARM_NAME', 'CLOSURE_EXTERNAL_ID', 'CLASSIFICATION', 'EVENT_TYPE', 'SEVERITY', 'ACTUAL_SEVERITY', 'ALARM_STATUS', 'ENTITY_NAME', 'ENTITY_ID', 'PARENT_ENTITY_ID', 'SUBENTITY', 'ENTITY_TYPE', 'ENTITY_STATUS', 'ENTITY_SERVICE_TYPE', 'LATITUDE', 'LONGITUDE', 'SENDER_NAME', 'SENDER_IP', 'SENDER_HOSTNAME', 'GEOGRAPHY_L1_NAME', 'GEOGRAPHY_L1_ID', 'GEOGRAPHY_L2_NAME', 'GEOGRAPHY_L2_ID', 'GEOGRAPHY_L3_NAME', 'GEOGRAPHY_L3_ID', 'GEOGRAPHY_L4_NAME', 'GEOGRAPHY_L4_ID', 'LOCATION_TYPE', 'LOCATION_ID', 'VENDOR', 'DOMAIN', 'TECHNOLOGY', 'PROBABLE_CAUSE', 'DESCRIPTION', 'SEQUENCE_NUMBER', 'SERVICE_AFFECTED', 'CLOSED_BY', 'CHANGE_REQUEST_ID', 'CORRELATION_TYPE', 'INCIDENT_ID', 'PARTICIPATED_IN_INCIDENT', 'MANUALLY_CLOSEABLE', 'MANUALLY_CLOSED_BY', 'ACKNOWLEDGED', 'ACKNOWLEDGED_BY', 'ACKNOWLEDGE_TIME', 'KAFKA_TOPIC_NAME', 'KAFKA_PARTITION_NO', 'KAFKA_OFFSET', 'OCCURRENCE', 'INSTANCE_ID', 'META_INFO', 'ENTITY_FAMILY', 'CORRELATION_FLAG', 'ADDITIONAL_DETAIL', 'ALARM_GROUP', 'CKT_ID', 'INCIDENT_STATUS', 'ASSIGN_INCIDENT', 'TAG']
2026-03-13 02:47:43,639 INFO [alarm_config]   ✅  ne_id           → ENTITY_ID
2026-03-13 02:47:43,639 INFO [alarm_config]   ✅  alarm_code      → ALARM_CODE
2026-03-13 02:47:43,639 INFO [alarm_config]   ✅  severity        → SEVERITY
2026-03-13 02:47:43,639 INFO [alarm_config]   ✅  timestamp       → OPEN_TIME
2026-03-13 02:47:43,639 INFO [alarm_config]   ✅  root_cause      → PROBABLE_CAUSE
2026-03-13 02:47:43,640 INFO [alarm_config]   ✅  status          → ALARM_STATUS
2026-03-13 02:47:43,640 INFO [alarm_config]   ✅  clear_time      → CLOSURE_TIME
2026-03-13 02:47:43,640 WARNING [alarm_config]   ⚠️   ne_type         → not found; using config value: None
2026-03-13 02:47:43,640 INFO [alarm_config]   ✅  domain          → DOMAIN
2026-03-13 02:47:43,640 INFO [alarm_config]   Schema saved to /Users/ent-00379/Downloads/idea/pipeline/data/alarm_schema.json
2026-03-13 02:47:49,525 INFO [data_loader]   Loaded 500,000+ rows...
2026-03-13 02:47:49,738 INFO [data_loader]   Enriching labels from ALARM_LIBRARY (ALARM_CODE → ALARM_ID → ALARM_IDENTIFIER + CLASSIFICATION)...
2026-03-13 02:47:56,663 INFO [data_loader]   Loaded 1,001,152 alarms — 1,001,152 with ROOT_CAUSE labels
2026-03-13 02:47:57,559 INFO [data_loader] Loading NETWORK_INVENTORY (chunked)...
2026-03-13 02:47:57,561 WARNING [data_loader]   NETWORK_INVENTORY not available: Execution failed on sql '
        SELECT ID, NAME, NI_TYPE, TECHNOLOGY, VENDOR,
               STATUS, STATE, DOMAIN, SOFTWARE_VERSION,
               IS_VIRTUAL, CATEGORY, ROLE,
               NETWORK_ELEMENT_ID_FK,
               PARENT_NETWORK_INVENTORY_ID_FK,
               KERNEL_VERSION, FIRMWARE, BIOS_VERSION
        FROM NETWORK_INVENTORY
        WHERE IS_DELETED = 0
    ': (pymysql.err.ProgrammingError) (1146, "Table 'railtel.network_inventory' doesn't exist")
[SQL: 
        SELECT ID, NAME, NI_TYPE, TECHNOLOGY, VENDOR,
               STATUS, STATE, DOMAIN, SOFTWARE_VERSION,
               IS_VIRTUAL, CATEGORY, ROLE,
               NETWORK_ELEMENT_ID_FK,
               PARENT_NETWORK_INVENTORY_ID_FK,
               KERNEL_VERSION, FIRMWARE, BIOS_VERSION
        FROM NETWORK_INVENTORY
        WHERE IS_DELETED = 0
    ]
(Background on this error at: https://sqlalche.me/e/20/f405)
2026-03-13 02:47:57,578 INFO [data_loader] 
============================================================
2026-03-13 02:47:57,578 INFO [data_loader] DATA LOAD SUMMARY
2026-03-13 02:47:57,578 INFO [data_loader] ============================================================
2026-03-13 02:47:57,578 INFO [data_loader]   Network Elements :     57,705
2026-03-13 02:47:57,578 INFO [data_loader]   Topology Links   :      3,530
2026-03-13 02:47:57,578 INFO [data_loader]   KPI Formulas     :        523
2026-03-13 02:47:57,579 INFO [data_loader]   KPI Counters     :        609
2026-03-13 02:47:57,579 INFO [data_loader]   Alarm Library    :      3,664  (catalog, not events)
2026-03-13 02:47:57,579 INFO [data_loader]   Alarm Events     :  1,001,152
2026-03-13 02:47:57,579 INFO [data_loader]   Labelled Alarms  :  1,001,152  (for root cause training)
2026-03-13 02:47:57,579 INFO [data_loader]   Inventory Items  :          0
2026-03-13 02:47:57,579 INFO [data_loader] ============================================================
2026-03-13 02:47:57,579 INFO [run_pipeline]   Done in 15.5s
2026-03-13 02:47:57,579 INFO [run_pipeline] 
─────────────────────────────────────────────────────────────────
2026-03-13 02:47:57,579 INFO [run_pipeline]   Step 2/5: Build ML features
2026-03-13 02:47:57,579 INFO [run_pipeline] ─────────────────────────────────────────────────────────────────
2026-03-13 02:47:58,414 INFO [feature_builder] 
==================================================
2026-03-13 02:47:58,414 INFO [feature_builder] Building master feature set...
2026-03-13 02:47:58,414 INFO [feature_builder] ==================================================
2026-03-13 02:47:58,414 INFO [feature_builder] Building NE static features...
2026-03-13 02:47:58,478 INFO [feature_builder]   NE static features: 56 columns
2026-03-13 02:47:58,478 INFO [feature_builder] Building graph topology features...
2026-03-13 02:47:59,313 INFO [feature_builder]   Graph: 57,705 nodes, 1,344 edges
2026-03-13 02:47:59,319 INFO [feature_builder]   Computing betweenness centrality (k=500)...
2026-03-13 02:48:03,313 INFO [feature_builder]   Computing clustering coefficients...
2026-03-13 02:48:03,450 INFO [feature_builder]   Graph features built for 57,705 nodes
2026-03-13 02:48:03,451 INFO [feature_builder] Building ISIS link health features per NE...
2026-03-13 02:48:03,462 INFO [feature_builder]   ISIS health features for 158 NEs
2026-03-13 02:48:03,463 INFO [feature_builder] Building hierarchy depth features...
2026-03-13 02:48:03,469 INFO [feature_builder]   Computing hierarchy depths (this may take a moment)...
2026-03-13 02:48:03,582 INFO [feature_builder]   Max hierarchy depth: 1
2026-03-13 02:48:03,586 INFO [feature_builder] 
Master feature set: 57,705 NEs × 82 features
2026-03-13 02:48:03,693 INFO [feature_builder] Saved to /Users/ent-00379/Downloads/idea/pipeline/data/processed/master_features.pkl
2026-03-13 02:48:03,693 INFO [run_pipeline]   Done in 6.1s  (57,705 NEs × 82 features)
2026-03-13 02:48:03,694 INFO [run_pipeline] 
─────────────────────────────────────────────────────────────────
2026-03-13 02:48:03,694 INFO [run_pipeline]   Step 3/5: Train Root Cause Classifier (XGBoost → ONNX)
2026-03-13 02:48:03,694 INFO [run_pipeline] ─────────────────────────────────────────────────────────────────
2026-03-13 02:48:03,831 INFO [train_root_cause] Preparing training data...
2026-03-13 02:48:04,286 INFO [train_root_cause] Training samples after join: 0
2026-03-13 02:48:04,287 INFO [train_root_cause] Training samples with labels: 0
2026-03-13 02:48:04,287 WARNING [train_root_cause] Only 0 labelled samples — adding synthetic data to reach 50k
2026-03-13 02:48:04,287 INFO [train_root_cause] Generating 50,000 synthetic training samples...
2026-03-13 02:48:05,553 INFO [train_root_cause]   Root cause distribution:
CONFIGURATION_ERROR    12558
HARDWARE_FAILURE        9971
BACKHAUL_ISSUE          9954
POWER_ISSUE             9845
UNKNOWN                 7625
LINK_CONGESTION           15
INTERFACE_ERROR           13
LATENCY_HIGH              11
PACKET_LOSS                8
Name: count, dtype: int64
2026-03-13 02:48:05,567 INFO [train_root_cause] 
==================================================
2026-03-13 02:48:05,567 INFO [train_root_cause] TRAINING ROOT CAUSE CLASSIFIER
2026-03-13 02:48:05,567 INFO [train_root_cause] ==================================================
2026-03-13 02:48:05,567 INFO [train_root_cause] Using 41 features
2026-03-13 02:48:05,578 INFO [train_root_cause] Classes (9): [np.str_('BACKHAUL_ISSUE'), np.str_('CONFIGURATION_ERROR'), np.str_('HARDWARE_FAILURE'), np.str_('INTERFACE_ERROR'), np.str_('LATENCY_HIGH'), np.str_('LINK_CONGESTION'), np.str_('PACKET_LOSS'), np.str_('POWER_ISSUE'), np.str_('UNKNOWN')]
2026-03-13 02:48:05,594 INFO [train_root_cause] Train: 40,000  Test: 10,000
2026-03-13 02:48:05,594 INFO [train_root_cause] Training XGBoost model...
2026-03-13 02:48:06,470 INFO [train_root_cause] 
Classification Report:
2026-03-13 02:48:06,475 INFO [train_root_cause]                      precision    recall  f1-score   support

     BACKHAUL_ISSUE       0.28      0.00      0.01      1991
CONFIGURATION_ERROR       0.25      0.99      0.40      2512
   HARDWARE_FAILURE       0.14      0.00      0.00      1994
    INTERFACE_ERROR       0.00      0.00      0.00         3
       LATENCY_HIGH       0.00      0.00      0.00         2
    LINK_CONGESTION       0.00      0.00      0.00         3
        PACKET_LOSS       0.00      0.00      0.00         1
        POWER_ISSUE       0.20      0.01      0.02      1969
            UNKNOWN       0.00      0.00      0.00      1525

           accuracy                           0.25     10000
          macro avg       0.10      0.11      0.05     10000
       weighted avg       0.19      0.25      0.11     10000

2026-03-13 02:48:06,475 INFO [train_root_cause] 
Overall Accuracy: 0.251
2026-03-13 02:48:06,475 INFO [train_root_cause] 
Top 15 Most Important Features:
2026-03-13 02:48:06,477 INFO [train_root_cause]                   feature  importance
29    SRC_MAX_UTILIZATION    0.134141
30    SRC_AVG_UTILIZATION    0.123194
37      LINK_HEALTH_SCORE    0.116396
3              DOMAIN_ENC    0.113317
20            BETWEENNESS    0.071012
25             TOPO_LAYER    0.043553
35    DST_MAX_UTILIZATION    0.041408
8         ADMIN_STATE_ENC    0.036857
9             NE_AGE_DAYS    0.034002
22         COMPONENT_SIZE    0.031754
5   OPERATIONAL_STATE_ENC    0.029665
26        HIERARCHY_DEPTH    0.028413
2              VENDOR_ENC    0.027338
4           NE_STATUS_ENC    0.027225
19           GRAPH_DEGREE    0.026022
2026-03-13 02:48:06,481 INFO [train_root_cause] 
Model saved to /Users/ent-00379/Downloads/idea/pipeline/data/models/
2026-03-13 02:48:06,481 INFO [train_root_cause] 
Exporting model to ONNX...
2026-03-13 02:48:06,593 INFO [train_root_cause] ONNX model saved: /Users/ent-00379/Downloads/idea/pipeline/data/models/root_cause_classifier.onnx
2026-03-13 02:48:06,593 INFO [train_root_cause]   Input:  [None, 41] float32
2026-03-13 02:48:06,593 INFO [train_root_cause]   Output: [None, 9] float32 (class probabilities)
2026-03-13 02:48:06,593 INFO [train_root_cause]   File size: 461.8 KB
2026-03-13 02:48:06,593 INFO [run_pipeline]   Done in 2.9s  accuracy=0.251
2026-03-13 02:48:06,593 INFO [run_pipeline] 
─────────────────────────────────────────────────────────────────
2026-03-13 02:48:06,593 INFO [run_pipeline]   Step 4/5: Train Alarm Propagation model
2026-03-13 02:48:06,593 INFO [run_pipeline] ─────────────────────────────────────────────────────────────────
2026-03-13 02:48:06,594 INFO [train_propagation] Building alarm sequences...
2026-03-13 02:48:30,994 INFO [run_pipeline] ======================================================================
2026-03-13 02:48:30,994 INFO [run_pipeline] NOC ML PIPELINE — FULL TRAINING
2026-03-13 02:48:30,994 INFO [run_pipeline] ======================================================================
2026-03-13 02:48:30,994 INFO [run_pipeline] 
─────────────────────────────────────────────────────────────────
2026-03-13 02:48:30,994 INFO [run_pipeline]   Step 1/5: Load data from MySQL
2026-03-13 02:48:30,994 INFO [run_pipeline] ─────────────────────────────────────────────────────────────────
2026-03-13 02:48:31,368 INFO [data_loader] ============================================================
2026-03-13 02:48:31,368 INFO [data_loader] NOC PIPELINE — DATA LOADING
2026-03-13 02:48:31,368 INFO [data_loader]   DB: localhost/railtel
2026-03-13 02:48:31,368 INFO [data_loader] ============================================================
2026-03-13 02:48:31,368 INFO [data_loader] Loading NETWORK_ELEMENT...
2026-03-13 02:48:32,308 INFO [data_loader]   Loaded 57,705 network elements
2026-03-13 02:48:32,411 INFO [data_loader]   Saved 57,705 rows → /Users/ent-00379/Downloads/idea/pipeline/data/processed/network_elements.pkl
2026-03-13 02:48:32,411 INFO [data_loader] Loading topology links...
2026-03-13 02:48:32,426 INFO [data_loader]   BGP links: 2,076
2026-03-13 02:48:32,438 INFO [data_loader]   LLDP links: 1,581
2026-03-13 02:48:32,445 INFO [data_loader]   OSPF links: 1,138
2026-03-13 02:48:32,453 INFO [data_loader]   ISIS links: 294
2026-03-13 02:48:32,463 INFO [data_loader]   PRV_ISIS links: 1,123
2026-03-13 02:48:32,465 INFO [data_loader]   Total links: 3,530
2026-03-13 02:48:32,466 INFO [data_loader]   Saved → /Users/ent-00379/Downloads/idea/pipeline/data/processed/topology_links.pkl
2026-03-13 02:48:32,466 INFO [data_loader] Loading KPI definitions (optional)...
2026-03-13 02:48:32,484 INFO [data_loader]   KPI_FORMULA: 523 rows
2026-03-13 02:48:32,498 INFO [data_loader]   KPI_COUNTER: 609 rows
2026-03-13 02:48:32,498 INFO [data_loader] Loading ALARM_LIBRARY (alarm catalog)...
2026-03-13 02:48:32,542 INFO [data_loader]   Alarm library: 3,664 alarm definitions
2026-03-13 02:48:32,545 INFO [data_loader] Loading alarm events...
2026-03-13 02:48:32,545 INFO [alarm_config] Inspecting ALARM table: ALARM ...
2026-03-13 02:48:32,548 INFO [alarm_config]   Found 72 columns: ['ALARM_ID_PK', 'OPEN_TIME', 'CHANGE_TIME', 'REPORTING_TIME', 'FIRST_RECEPTION_TIME', 'FIRST_PROCESSING_TIME', 'LAST_PROCESSING_TIME', 'CLOSURE_TIME', 'CLOSURE_RECEPTION_TIME', 'CLOSURE_PROCESSING_TIME', 'ALARM_EXTERNAL_ID', 'ALARM_CODE', 'ALARM_NAME', 'CLOSURE_EXTERNAL_ID', 'CLASSIFICATION', 'EVENT_TYPE', 'SEVERITY', 'ACTUAL_SEVERITY', 'ALARM_STATUS', 'ENTITY_NAME', 'ENTITY_ID', 'PARENT_ENTITY_ID', 'SUBENTITY', 'ENTITY_TYPE', 'ENTITY_STATUS', 'ENTITY_SERVICE_TYPE', 'LATITUDE', 'LONGITUDE', 'SENDER_NAME', 'SENDER_IP', 'SENDER_HOSTNAME', 'GEOGRAPHY_L1_NAME', 'GEOGRAPHY_L1_ID', 'GEOGRAPHY_L2_NAME', 'GEOGRAPHY_L2_ID', 'GEOGRAPHY_L3_NAME', 'GEOGRAPHY_L3_ID', 'GEOGRAPHY_L4_NAME', 'GEOGRAPHY_L4_ID', 'LOCATION_TYPE', 'LOCATION_ID', 'VENDOR', 'DOMAIN', 'TECHNOLOGY', 'PROBABLE_CAUSE', 'DESCRIPTION', 'SEQUENCE_NUMBER', 'SERVICE_AFFECTED', 'CLOSED_BY', 'CHANGE_REQUEST_ID', 'CORRELATION_TYPE', 'INCIDENT_ID', 'PARTICIPATED_IN_INCIDENT', 'MANUALLY_CLOSEABLE', 'MANUALLY_CLOSED_BY', 'ACKNOWLEDGED', 'ACKNOWLEDGED_BY', 'ACKNOWLEDGE_TIME', 'KAFKA_TOPIC_NAME', 'KAFKA_PARTITION_NO', 'KAFKA_OFFSET', 'OCCURRENCE', 'INSTANCE_ID', 'META_INFO', 'ENTITY_FAMILY', 'CORRELATION_FLAG', 'ADDITIONAL_DETAIL', 'ALARM_GROUP', 'CKT_ID', 'INCIDENT_STATUS', 'ASSIGN_INCIDENT', 'TAG']
2026-03-13 02:48:32,548 INFO [alarm_config]   ✅  ne_id           → ENTITY_ID
2026-03-13 02:48:32,548 INFO [alarm_config]   ✅  alarm_code      → ALARM_CODE
2026-03-13 02:48:32,548 INFO [alarm_config]   ✅  severity        → SEVERITY
2026-03-13 02:48:32,548 INFO [alarm_config]   ✅  timestamp       → OPEN_TIME
2026-03-13 02:48:32,549 INFO [alarm_config]   ✅  root_cause      → PROBABLE_CAUSE
2026-03-13 02:48:32,549 INFO [alarm_config]   ✅  status          → ALARM_STATUS
2026-03-13 02:48:32,549 INFO [alarm_config]   ✅  clear_time      → CLOSURE_TIME
2026-03-13 02:48:32,549 WARNING [alarm_config]   ⚠️   ne_type         → not found; using config value: None
2026-03-13 02:48:32,549 INFO [alarm_config]   ✅  domain          → DOMAIN
2026-03-13 02:48:32,549 INFO [alarm_config]   Schema saved to /Users/ent-00379/Downloads/idea/pipeline/data/alarm_schema.json
2026-03-13 02:48:38,245 INFO [data_loader]   Loaded 500,000+ rows...
2026-03-13 02:48:38,455 INFO [data_loader]   Enriching labels from ALARM_LIBRARY (ALARM_CODE → ALARM_ID → ALARM_IDENTIFIER + CLASSIFICATION)...
2026-03-13 02:48:45,373 INFO [data_loader]   Loaded 1,001,152 alarms — 1,001,152 with ROOT_CAUSE labels
2026-03-13 02:48:46,078 INFO [data_loader] Loading NETWORK_INVENTORY (chunked)...
2026-03-13 02:48:46,080 WARNING [data_loader]   NETWORK_INVENTORY not available: Execution failed on sql '
        SELECT ID, NAME, NI_TYPE, TECHNOLOGY, VENDOR,
               STATUS, STATE, DOMAIN, SOFTWARE_VERSION,
               IS_VIRTUAL, CATEGORY, ROLE,
               NETWORK_ELEMENT_ID_FK,
               PARENT_NETWORK_INVENTORY_ID_FK,
               KERNEL_VERSION, FIRMWARE, BIOS_VERSION
        FROM NETWORK_INVENTORY
        WHERE IS_DELETED = 0
    ': (pymysql.err.ProgrammingError) (1146, "Table 'railtel.network_inventory' doesn't exist")
[SQL: 
        SELECT ID, NAME, NI_TYPE, TECHNOLOGY, VENDOR,
               STATUS, STATE, DOMAIN, SOFTWARE_VERSION,
               IS_VIRTUAL, CATEGORY, ROLE,
               NETWORK_ELEMENT_ID_FK,
               PARENT_NETWORK_INVENTORY_ID_FK,
               KERNEL_VERSION, FIRMWARE, BIOS_VERSION
        FROM NETWORK_INVENTORY
        WHERE IS_DELETED = 0
    ]
(Background on this error at: https://sqlalche.me/e/20/f405)
2026-03-13 02:48:46,096 INFO [data_loader] 
============================================================
2026-03-13 02:48:46,096 INFO [data_loader] DATA LOAD SUMMARY
2026-03-13 02:48:46,096 INFO [data_loader] ============================================================
2026-03-13 02:48:46,096 INFO [data_loader]   Network Elements :     57,705
2026-03-13 02:48:46,096 INFO [data_loader]   Topology Links   :      3,530
2026-03-13 02:48:46,096 INFO [data_loader]   KPI Formulas     :        523
2026-03-13 02:48:46,096 INFO [data_loader]   KPI Counters     :        609
2026-03-13 02:48:46,096 INFO [data_loader]   Alarm Library    :      3,664  (catalog, not events)
2026-03-13 02:48:46,096 INFO [data_loader]   Alarm Events     :  1,001,152
2026-03-13 02:48:46,096 INFO [data_loader]   Labelled Alarms  :  1,001,152  (for root cause training)
2026-03-13 02:48:46,096 INFO [data_loader]   Inventory Items  :          0
2026-03-13 02:48:46,096 INFO [data_loader] ============================================================
2026-03-13 02:48:46,096 INFO [run_pipeline]   Done in 15.1s
2026-03-13 02:48:46,096 INFO [run_pipeline] 
─────────────────────────────────────────────────────────────────
2026-03-13 02:48:46,096 INFO [run_pipeline]   Step 2/5: Build ML features
2026-03-13 02:48:46,096 INFO [run_pipeline] ─────────────────────────────────────────────────────────────────
2026-03-13 02:48:46,852 INFO [feature_builder] 
==================================================
2026-03-13 02:48:46,853 INFO [feature_builder] Building master feature set...
2026-03-13 02:48:46,853 INFO [feature_builder] ==================================================
2026-03-13 02:48:46,853 INFO [feature_builder] Building NE static features...
2026-03-13 02:48:46,916 INFO [feature_builder]   NE static features: 56 columns
2026-03-13 02:48:46,916 INFO [feature_builder] Building graph topology features...
2026-03-13 02:48:47,738 INFO [feature_builder]   Graph: 57,705 nodes, 1,344 edges
2026-03-13 02:48:47,744 INFO [feature_builder]   Computing betweenness centrality (k=500)...
2026-03-13 02:48:51,626 INFO [feature_builder]   Computing clustering coefficients...
2026-03-13 02:48:51,765 INFO [feature_builder]   Graph features built for 57,705 nodes
2026-03-13 02:48:51,766 INFO [feature_builder] Building ISIS link health features per NE...
2026-03-13 02:48:51,778 INFO [feature_builder]   ISIS health features for 158 NEs
2026-03-13 02:48:51,778 INFO [feature_builder] Building hierarchy depth features...
2026-03-13 02:48:51,784 INFO [feature_builder]   Computing hierarchy depths (this may take a moment)...
2026-03-13 02:48:51,824 INFO [feature_builder]   Max hierarchy depth: 1
2026-03-13 02:48:51,828 INFO [feature_builder] 
Master feature set: 57,705 NEs × 82 features
2026-03-13 02:48:51,911 INFO [feature_builder] Saved to /Users/ent-00379/Downloads/idea/pipeline/data/processed/master_features.pkl
2026-03-13 02:48:51,911 INFO [run_pipeline]   Done in 5.8s  (57,705 NEs × 82 features)
2026-03-13 02:48:51,911 INFO [run_pipeline] 
─────────────────────────────────────────────────────────────────
2026-03-13 02:48:51,911 INFO [run_pipeline]   Step 3/5: Train Root Cause Classifier (XGBoost → ONNX)
2026-03-13 02:48:51,911 INFO [run_pipeline] ─────────────────────────────────────────────────────────────────
2026-03-13 02:48:52,038 INFO [train_root_cause] Preparing training data...
2026-03-13 02:48:52,486 INFO [train_root_cause] Training samples after join: 0
2026-03-13 02:48:52,486 INFO [train_root_cause] Training samples with labels: 0
2026-03-13 02:48:52,486 WARNING [train_root_cause] Only 0 labelled samples — adding synthetic data to reach 50k
2026-03-13 02:48:52,486 INFO [train_root_cause] Generating 50,000 synthetic training samples...
2026-03-13 02:48:53,761 INFO [train_root_cause]   Root cause distribution:
CONFIGURATION_ERROR    12247
HARDWARE_FAILURE       10183
BACKHAUL_ISSUE         10075
POWER_ISSUE             9992
UNKNOWN                 7442
PACKET_LOSS               22
INTERFACE_ERROR           19
LINK_CONGESTION           12
LATENCY_HIGH               8
Name: count, dtype: int64
2026-03-13 02:48:53,776 INFO [train_root_cause] 
==================================================
2026-03-13 02:48:53,776 INFO [train_root_cause] TRAINING ROOT CAUSE CLASSIFIER
2026-03-13 02:48:53,776 INFO [train_root_cause] ==================================================
2026-03-13 02:48:53,776 INFO [train_root_cause] Using 41 features
2026-03-13 02:48:53,787 INFO [train_root_cause] Classes (9): [np.str_('BACKHAUL_ISSUE'), np.str_('CONFIGURATION_ERROR'), np.str_('HARDWARE_FAILURE'), np.str_('INTERFACE_ERROR'), np.str_('LATENCY_HIGH'), np.str_('LINK_CONGESTION'), np.str_('PACKET_LOSS'), np.str_('POWER_ISSUE'), np.str_('UNKNOWN')]
2026-03-13 02:48:53,804 INFO [train_root_cause] Train: 40,000  Test: 10,000
2026-03-13 02:48:53,804 INFO [train_root_cause] Training XGBoost model...
2026-03-13 02:48:55,889 INFO [train_root_cause] 
Classification Report:
2026-03-13 02:48:55,893 INFO [train_root_cause]                      precision    recall  f1-score   support

     BACKHAUL_ISSUE       0.20      0.03      0.05      2015
CONFIGURATION_ERROR       0.24      0.89      0.38      2449
   HARDWARE_FAILURE       0.16      0.03      0.05      2037
    INTERFACE_ERROR       0.00      0.00      0.00         4
       LATENCY_HIGH       0.00      0.00      0.00         2
    LINK_CONGESTION       0.00      0.00      0.00         2
        PACKET_LOSS       0.33      1.00      0.50         4
        POWER_ISSUE       0.19      0.04      0.06      1999
            UNKNOWN       0.15      0.00      0.00      1488

           accuracy                           0.24     10000
          macro avg       0.14      0.22      0.12     10000
       weighted avg       0.19      0.24      0.13     10000

2026-03-13 02:48:55,893 INFO [train_root_cause] 
Overall Accuracy: 0.237
2026-03-13 02:48:55,894 INFO [train_root_cause] 
Top 15 Most Important Features:
2026-03-13 02:48:55,896 INFO [train_root_cause]                 feature  importance
27         IS_ROOT_NODE    0.149170
30  SRC_AVG_UTILIZATION    0.140925
37    LINK_HEALTH_SCORE    0.139732
29  SRC_MAX_UTILIZATION    0.134595
26      HIERARCHY_DEPTH    0.044843
8       ADMIN_STATE_ENC    0.043845
24          IS_ISOLATED    0.036799
35  DST_MAX_UTILIZATION    0.036383
25           TOPO_LAYER    0.036129
4         NE_STATUS_ENC    0.033296
9           NE_AGE_DAYS    0.030268
22       COMPONENT_SIZE    0.027402
2            VENDOR_ENC    0.024591
21      CLUSTERING_COEF    0.024563
19         GRAPH_DEGREE    0.023224
2026-03-13 02:48:55,902 INFO [train_root_cause] 
Model saved to /Users/ent-00379/Downloads/idea/pipeline/data/models/
2026-03-13 02:48:55,903 INFO [train_root_cause] 
Exporting model to ONNX...
2026-03-13 02:48:56,153 INFO [train_root_cause] ONNX model saved: /Users/ent-00379/Downloads/idea/pipeline/data/models/root_cause_classifier.onnx
2026-03-13 02:48:56,153 INFO [train_root_cause]   Input:  [None, 41] float32
2026-03-13 02:48:56,153 INFO [train_root_cause]   Output: [None, 9] float32 (class probabilities)
2026-03-13 02:48:56,153 INFO [train_root_cause]   File size: 1368.1 KB
2026-03-13 02:48:56,153 INFO [run_pipeline]   Done in 4.2s  accuracy=0.237
2026-03-13 02:48:56,153 INFO [run_pipeline] 
─────────────────────────────────────────────────────────────────
2026-03-13 02:48:56,153 INFO [run_pipeline]   Step 4/5: Train Alarm Propagation model
2026-03-13 02:48:56,153 INFO [run_pipeline] ─────────────────────────────────────────────────────────────────
2026-03-13 02:48:56,154 INFO [train_propagation] Building alarm sequences...
2026-03-13 02:49:15,692 INFO [train_propagation]   Built 62 alarm sessions from 1,001,152 alarms
2026-03-13 02:49:15,723 INFO [train_propagation] Learning alarm propagation rules...
2026-03-13 02:49:15,827 INFO [train_propagation]   Learned 2,109 propagation rules
2026-03-13 02:49:15,827 INFO [train_propagation]   Covering 103 root alarms
2026-03-13 02:49:15,827 INFO [train_propagation]   High confidence rules (≥70%): 1,956
2026-03-13 02:49:15,841 INFO [train_propagation] Rules saved to /Users/ent-00379/Downloads/idea/pipeline/data/models/alarm_propagation_rules.json
2026-03-13 02:49:15,841 INFO [train_propagation] File size: 464.0 KB
2026-03-13 02:49:15,841 INFO [run_pipeline]   Done in 19.7s  2,109 rules
2026-03-13 02:49:15,841 INFO [run_pipeline] 
─────────────────────────────────────────────────────────────────
2026-03-13 02:49:15,841 INFO [run_pipeline]   Step 4b: Alarm correlation (incidents)
2026-03-13 02:49:15,841 INFO [run_pipeline] ─────────────────────────────────────────────────────────────────
2026-03-13 02:49:36,895 INFO [alarm_correlator] Correlated 1,001,152 alarms into 15,678 incidents (window=30 min)
2026-03-13 02:49:37,019 INFO [alarm_correlator] Saved /Users/ent-00379/Downloads/idea/pipeline/data/processed/incidents.pkl
2026-03-13 02:49:37,030 INFO [run_pipeline]   Done in 21.2s
2026-03-13 02:49:37,030 INFO [run_pipeline] 
─────────────────────────────────────────────────────────────────
2026-03-13 02:49:37,030 INFO [run_pipeline]   Step 4c: Train sequence model (LSTM → ONNX)
2026-03-13 02:49:37,030 INFO [run_pipeline] ─────────────────────────────────────────────────────────────────
2026-03-13 02:49:37,114 INFO [train_sequence_model] Vocab size=114, classes=9, incidents=15678
2026-03-13 02:49:38,415 INFO [train_sequence_model] Training LSTM (2 epochs, batch=256)...
2026-03-13 12:57:02,976 INFO [run_pipeline] ======================================================================
2026-03-13 12:57:02,976 INFO [run_pipeline] NOC ML PIPELINE — FULL TRAINING
2026-03-13 12:57:02,976 INFO [run_pipeline] ======================================================================
2026-03-13 12:57:02,976 INFO [run_pipeline] 
─────────────────────────────────────────────────────────────────
2026-03-13 12:57:02,977 INFO [run_pipeline]   Step 1/5: Load data from MySQL
2026-03-13 12:57:02,977 INFO [run_pipeline] ─────────────────────────────────────────────────────────────────
2026-03-13 12:57:03,376 INFO [data_loader] ============================================================
2026-03-13 12:57:03,376 INFO [data_loader] NOC PIPELINE — DATA LOADING
2026-03-13 12:57:03,376 INFO [data_loader]   DB: localhost/railtel
2026-03-13 12:57:03,376 INFO [data_loader] ============================================================
2026-03-13 12:57:03,376 INFO [data_loader] Loading NETWORK_ELEMENT...
2026-03-13 12:57:04,318 INFO [data_loader]   Loaded 57,705 network elements
2026-03-13 12:57:04,439 INFO [data_loader]   Saved 57,705 rows → /Users/ent-00379/Downloads/idea/pipeline/data/processed/network_elements.pkl
2026-03-13 12:57:04,439 INFO [data_loader] Loading topology links...
2026-03-13 12:57:04,452 INFO [data_loader]   BGP links: 2,076
2026-03-13 12:57:04,465 INFO [data_loader]   LLDP links: 1,581
2026-03-13 12:57:04,474 INFO [data_loader]   OSPF links: 1,138
2026-03-13 12:57:04,482 INFO [data_loader]   ISIS links: 294
2026-03-13 12:57:04,495 INFO [data_loader]   PRV_ISIS links: 1,123
2026-03-13 12:57:04,498 INFO [data_loader]   Total links: 3,530
2026-03-13 12:57:04,499 INFO [data_loader]   Saved → /Users/ent-00379/Downloads/idea/pipeline/data/processed/topology_links.pkl
2026-03-13 12:57:04,499 INFO [data_loader] Loading KPI definitions (optional)...
2026-03-13 12:57:04,521 INFO [data_loader]   KPI_FORMULA: 523 rows
2026-03-13 12:57:04,536 INFO [data_loader]   KPI_COUNTER: 609 rows
2026-03-13 12:57:04,536 INFO [data_loader] Loading ALARM_LIBRARY (alarm catalog)...
2026-03-13 12:57:04,591 INFO [data_loader]   Alarm library: 3,664 alarm definitions
2026-03-13 12:57:04,595 INFO [data_loader] Loading alarm events...
2026-03-13 12:57:04,595 INFO [alarm_config] Inspecting ALARM table: ALARM ...
2026-03-13 12:57:04,598 INFO [alarm_config]   Found 72 columns: ['ALARM_ID_PK', 'OPEN_TIME', 'CHANGE_TIME', 'REPORTING_TIME', 'FIRST_RECEPTION_TIME', 'FIRST_PROCESSING_TIME', 'LAST_PROCESSING_TIME', 'CLOSURE_TIME', 'CLOSURE_RECEPTION_TIME', 'CLOSURE_PROCESSING_TIME', 'ALARM_EXTERNAL_ID', 'ALARM_CODE', 'ALARM_NAME', 'CLOSURE_EXTERNAL_ID', 'CLASSIFICATION', 'EVENT_TYPE', 'SEVERITY', 'ACTUAL_SEVERITY', 'ALARM_STATUS', 'ENTITY_NAME', 'ENTITY_ID', 'PARENT_ENTITY_ID', 'SUBENTITY', 'ENTITY_TYPE', 'ENTITY_STATUS', 'ENTITY_SERVICE_TYPE', 'LATITUDE', 'LONGITUDE', 'SENDER_NAME', 'SENDER_IP', 'SENDER_HOSTNAME', 'GEOGRAPHY_L1_NAME', 'GEOGRAPHY_L1_ID', 'GEOGRAPHY_L2_NAME', 'GEOGRAPHY_L2_ID', 'GEOGRAPHY_L3_NAME', 'GEOGRAPHY_L3_ID', 'GEOGRAPHY_L4_NAME', 'GEOGRAPHY_L4_ID', 'LOCATION_TYPE', 'LOCATION_ID', 'VENDOR', 'DOMAIN', 'TECHNOLOGY', 'PROBABLE_CAUSE', 'DESCRIPTION', 'SEQUENCE_NUMBER', 'SERVICE_AFFECTED', 'CLOSED_BY', 'CHANGE_REQUEST_ID', 'CORRELATION_TYPE', 'INCIDENT_ID', 'PARTICIPATED_IN_INCIDENT', 'MANUALLY_CLOSEABLE', 'MANUALLY_CLOSED_BY', 'ACKNOWLEDGED', 'ACKNOWLEDGED_BY', 'ACKNOWLEDGE_TIME', 'KAFKA_TOPIC_NAME', 'KAFKA_PARTITION_NO', 'KAFKA_OFFSET', 'OCCURRENCE', 'INSTANCE_ID', 'META_INFO', 'ENTITY_FAMILY', 'CORRELATION_FLAG', 'ADDITIONAL_DETAIL', 'ALARM_GROUP', 'CKT_ID', 'INCIDENT_STATUS', 'ASSIGN_INCIDENT', 'TAG']
2026-03-13 12:57:04,598 INFO [alarm_config]   ✅  ne_id           → ENTITY_ID
2026-03-13 12:57:04,598 INFO [alarm_config]   ✅  alarm_code      → ALARM_CODE
2026-03-13 12:57:04,598 INFO [alarm_config]   ✅  severity        → SEVERITY
2026-03-13 12:57:04,598 INFO [alarm_config]   ✅  timestamp       → OPEN_TIME
2026-03-13 12:57:04,598 INFO [alarm_config]   ✅  root_cause      → PROBABLE_CAUSE
2026-03-13 12:57:04,598 INFO [alarm_config]   ✅  status          → ALARM_STATUS
2026-03-13 12:57:04,598 INFO [alarm_config]   ✅  clear_time      → CLOSURE_TIME
2026-03-13 12:57:04,598 WARNING [alarm_config]   ⚠️   ne_type         → not found; using config value: None
2026-03-13 12:57:04,598 INFO [alarm_config]   ✅  domain          → DOMAIN
2026-03-13 12:57:04,599 INFO [alarm_config]   Schema saved to /Users/ent-00379/Downloads/idea/pipeline/data/alarm_schema.json
2026-03-13 12:57:09,925 INFO [data_loader]   Loaded 500,000+ rows...
2026-03-13 12:57:10,137 INFO [data_loader]   Enriching labels from ALARM_LIBRARY (ALARM_CODE → ALARM_ID → ALARM_IDENTIFIER + CLASSIFICATION)...
2026-03-13 12:57:16,965 INFO [data_loader]   Loaded 1,001,152 alarms — 1,001,152 with ROOT_CAUSE labels
2026-03-13 12:57:17,687 INFO [data_loader] Loading NETWORK_INVENTORY (chunked)...
2026-03-13 12:57:17,691 WARNING [data_loader]   NETWORK_INVENTORY not available: Execution failed on sql '
        SELECT ID, NAME, NI_TYPE, TECHNOLOGY, VENDOR,
               STATUS, STATE, DOMAIN, SOFTWARE_VERSION,
               IS_VIRTUAL, CATEGORY, ROLE,
               NETWORK_ELEMENT_ID_FK,
               PARENT_NETWORK_INVENTORY_ID_FK,
               KERNEL_VERSION, FIRMWARE, BIOS_VERSION
        FROM NETWORK_INVENTORY
        WHERE IS_DELETED = 0
    ': (pymysql.err.ProgrammingError) (1146, "Table 'railtel.network_inventory' doesn't exist")
[SQL: 
        SELECT ID, NAME, NI_TYPE, TECHNOLOGY, VENDOR,
               STATUS, STATE, DOMAIN, SOFTWARE_VERSION,
               IS_VIRTUAL, CATEGORY, ROLE,
               NETWORK_ELEMENT_ID_FK,
               PARENT_NETWORK_INVENTORY_ID_FK,
               KERNEL_VERSION, FIRMWARE, BIOS_VERSION
        FROM NETWORK_INVENTORY
        WHERE IS_DELETED = 0
    ]
(Background on this error at: https://sqlalche.me/e/20/f405)
2026-03-13 12:57:17,707 INFO [data_loader] 
============================================================
2026-03-13 12:57:17,707 INFO [data_loader] DATA LOAD SUMMARY
2026-03-13 12:57:17,707 INFO [data_loader] ============================================================
2026-03-13 12:57:17,707 INFO [data_loader]   Network Elements :     57,705
2026-03-13 12:57:17,707 INFO [data_loader]   Topology Links   :      3,530
2026-03-13 12:57:17,707 INFO [data_loader]   KPI Formulas     :        523
2026-03-13 12:57:17,707 INFO [data_loader]   KPI Counters     :        609
2026-03-13 12:57:17,707 INFO [data_loader]   Alarm Library    :      3,664  (catalog, not events)
2026-03-13 12:57:17,707 INFO [data_loader]   Alarm Events     :  1,001,152
2026-03-13 12:57:17,707 INFO [data_loader]   Labelled Alarms  :  1,001,152  (for root cause training)
2026-03-13 12:57:17,707 INFO [data_loader]   Inventory Items  :          0
2026-03-13 12:57:17,707 INFO [data_loader] ============================================================
2026-03-13 12:57:17,707 INFO [run_pipeline]   Done in 14.7s
2026-03-13 12:57:17,708 INFO [run_pipeline] 
─────────────────────────────────────────────────────────────────
2026-03-13 12:57:17,708 INFO [run_pipeline]   Step 2/5: Build ML features
2026-03-13 12:57:17,708 INFO [run_pipeline] ─────────────────────────────────────────────────────────────────
2026-03-13 12:57:18,644 INFO [feature_builder] 
==================================================
2026-03-13 12:57:18,644 INFO [feature_builder] Building master feature set...
2026-03-13 12:57:18,644 INFO [feature_builder] ==================================================
2026-03-13 12:57:18,644 INFO [feature_builder] Building NE static features...
2026-03-13 12:57:18,708 INFO [feature_builder]   NE static features: 56 columns
2026-03-13 12:57:18,708 INFO [feature_builder] Building graph topology features...
2026-03-13 12:57:19,528 INFO [feature_builder]   Graph: 57,705 nodes, 1,344 edges
2026-03-13 12:57:19,533 INFO [feature_builder]   Computing betweenness centrality (k=500)...
2026-03-13 12:57:23,459 INFO [feature_builder]   Computing clustering coefficients...
2026-03-13 12:57:23,601 INFO [feature_builder]   Graph features built for 57,705 nodes
2026-03-13 12:57:23,602 INFO [feature_builder] Building ISIS link health features per NE...
2026-03-13 12:57:23,620 INFO [feature_builder]   ISIS health features for 158 NEs
2026-03-13 12:57:23,620 INFO [feature_builder] Building hierarchy depth features...
2026-03-13 12:57:23,627 INFO [feature_builder]   Computing hierarchy depths (this may take a moment)...
2026-03-13 12:57:23,667 INFO [feature_builder]   Max hierarchy depth: 1
2026-03-13 12:57:23,671 INFO [feature_builder] 
Master feature set: 57,705 NEs × 82 features
2026-03-13 12:57:23,762 INFO [feature_builder] Saved to /Users/ent-00379/Downloads/idea/pipeline/data/processed/master_features.pkl
2026-03-13 12:57:23,762 INFO [run_pipeline]   Done in 6.1s  (57,705 NEs × 82 features)
2026-03-13 12:57:23,762 INFO [run_pipeline] 
─────────────────────────────────────────────────────────────────
2026-03-13 12:57:23,762 INFO [run_pipeline]   Step 3/5: Train Root Cause Classifier (XGBoost → ONNX)
2026-03-13 12:57:23,762 INFO [run_pipeline] ─────────────────────────────────────────────────────────────────
2026-03-13 12:57:23,929 INFO [train_root_cause] Preparing training data...
2026-03-13 12:57:24,377 INFO [train_root_cause] Training samples after join: 0
2026-03-13 12:57:24,378 INFO [train_root_cause] Training samples with labels: 0
2026-03-13 12:57:24,378 WARNING [train_root_cause] Only 0 labelled samples — adding synthetic data to reach 50k
2026-03-13 12:57:24,378 INFO [train_root_cause] Generating 50,000 synthetic training samples...
2026-03-13 12:57:25,997 INFO [train_root_cause]   Root cause distribution:
CONFIGURATION_ERROR    12425
BACKHAUL_ISSUE         10171
HARDWARE_FAILURE       10012
POWER_ISSUE             9911
UNKNOWN                 7448
LINK_CONGESTION           14
INTERFACE_ERROR           10
PACKET_LOSS                6
LATENCY_HIGH               3
Name: count, dtype: int64
2026-03-13 12:57:26,013 INFO [train_root_cause] 
==================================================
2026-03-13 12:57:26,013 INFO [train_root_cause] TRAINING ROOT CAUSE CLASSIFIER
2026-03-13 12:57:26,013 INFO [train_root_cause] ==================================================
2026-03-13 12:57:26,013 INFO [train_root_cause] Using 41 features
2026-03-13 12:57:26,025 INFO [train_root_cause] Classes (9): [np.str_('BACKHAUL_ISSUE'), np.str_('CONFIGURATION_ERROR'), np.str_('HARDWARE_FAILURE'), np.str_('INTERFACE_ERROR'), np.str_('LATENCY_HIGH'), np.str_('LINK_CONGESTION'), np.str_('PACKET_LOSS'), np.str_('POWER_ISSUE'), np.str_('UNKNOWN')]
2026-03-13 12:57:26,042 INFO [train_root_cause] Train: 40,000  Test: 10,000
2026-03-13 12:57:26,042 INFO [train_root_cause] Training XGBoost model...
2026-03-13 12:57:27,327 INFO [train_root_cause] 
Classification Report:
2026-03-13 12:57:27,331 INFO [train_root_cause]                      precision    recall  f1-score   support

     BACKHAUL_ISSUE       0.22      0.02      0.04      2034
CONFIGURATION_ERROR       0.25      0.94      0.39      2485
   HARDWARE_FAILURE       0.23      0.02      0.04      2002
    INTERFACE_ERROR       0.00      0.00      0.00         2
       LATENCY_HIGH       0.00      0.00      0.00         1
    LINK_CONGESTION       0.00      0.00      0.00         3
        PACKET_LOSS       0.00      0.00      0.00         1
        POWER_ISSUE       0.21      0.01      0.03      1982
            UNKNOWN       0.00      0.00      0.00      1490

           accuracy                           0.25     10000
          macro avg       0.10      0.11      0.06     10000
       weighted avg       0.20      0.25      0.12     10000

2026-03-13 12:57:27,331 INFO [train_root_cause] 
Overall Accuracy: 0.247
2026-03-13 12:57:27,332 INFO [train_root_cause] 
Top 15 Most Important Features:
2026-03-13 12:57:27,333 INFO [train_root_cause]                   feature  importance
30    SRC_AVG_UTILIZATION    0.129898
37      LINK_HEALTH_SCORE    0.126724
29    SRC_MAX_UTILIZATION    0.120546
20            BETWEENNESS    0.073370
35    DST_MAX_UTILIZATION    0.052178
23                IS_LEAF    0.043958
8         ADMIN_STATE_ENC    0.043110
9             NE_AGE_DAYS    0.042364
26        HIERARCHY_DEPTH    0.040637
25             TOPO_LAYER    0.038067
5   OPERATIONAL_STATE_ENC    0.037452
22         COMPONENT_SIZE    0.036416
21        CLUSTERING_COEF    0.034985
2              VENDOR_ENC    0.034306
19           GRAPH_DEGREE    0.030718
2026-03-13 12:57:27,338 INFO [train_root_cause] 
Model saved to /Users/ent-00379/Downloads/idea/pipeline/data/models/
2026-03-13 12:57:27,338 INFO [train_root_cause] 
Exporting model to ONNX...
2026-03-13 12:57:27,500 INFO [train_root_cause] ONNX model saved: /Users/ent-00379/Downloads/idea/pipeline/data/models/root_cause_classifier.onnx
2026-03-13 12:57:27,500 INFO [train_root_cause]   Input:  [None, 41] float32
2026-03-13 12:57:27,500 INFO [train_root_cause]   Output: [None, 9] float32 (class probabilities)
2026-03-13 12:57:27,500 INFO [train_root_cause]   File size: 791.1 KB
2026-03-13 12:57:27,500 INFO [run_pipeline]   Done in 3.7s  accuracy=0.247
2026-03-13 12:57:27,500 INFO [run_pipeline] 
─────────────────────────────────────────────────────────────────
2026-03-13 12:57:27,500 INFO [run_pipeline]   Step 4/5: Train Alarm Propagation model
2026-03-13 12:57:27,500 INFO [run_pipeline] ─────────────────────────────────────────────────────────────────
2026-03-13 12:57:27,502 INFO [train_propagation] Building alarm sequences...
2026-03-13 12:57:43,221 INFO [run_pipeline] ======================================================================
2026-03-13 12:57:43,221 INFO [run_pipeline] NOC ML PIPELINE — FULL TRAINING
2026-03-13 12:57:43,221 INFO [run_pipeline] ======================================================================
2026-03-13 12:57:43,221 INFO [run_pipeline] 
─────────────────────────────────────────────────────────────────
2026-03-13 12:57:43,221 INFO [run_pipeline]   Step 1/5: Load data from MySQL
2026-03-13 12:57:43,221 INFO [run_pipeline] ─────────────────────────────────────────────────────────────────
2026-03-13 12:57:43,567 INFO [data_loader] ============================================================
2026-03-13 12:57:43,567 INFO [data_loader] NOC PIPELINE — DATA LOADING
2026-03-13 12:57:43,567 INFO [data_loader]   DB: localhost/railtel
2026-03-13 12:57:43,567 INFO [data_loader] ============================================================
2026-03-13 12:57:43,567 INFO [data_loader] Loading NETWORK_ELEMENT...
2026-03-13 12:57:44,466 INFO [data_loader]   Loaded 57,705 network elements
2026-03-13 12:57:44,565 INFO [data_loader]   Saved 57,705 rows → /Users/ent-00379/Downloads/idea/pipeline/data/processed/network_elements.pkl
2026-03-13 12:57:44,565 INFO [data_loader] Loading topology links...
2026-03-13 12:57:44,577 INFO [data_loader]   BGP links: 2,076
2026-03-13 12:57:44,589 INFO [data_loader]   LLDP links: 1,581
2026-03-13 12:57:44,597 INFO [data_loader]   OSPF links: 1,138
2026-03-13 12:57:44,603 INFO [data_loader]   ISIS links: 294
2026-03-13 12:57:44,612 INFO [data_loader]   PRV_ISIS links: 1,123
2026-03-13 12:57:44,614 INFO [data_loader]   Total links: 3,530
2026-03-13 12:57:44,615 INFO [data_loader]   Saved → /Users/ent-00379/Downloads/idea/pipeline/data/processed/topology_links.pkl
2026-03-13 12:57:44,615 INFO [data_loader] Loading KPI definitions (optional)...
2026-03-13 12:57:44,630 INFO [data_loader]   KPI_FORMULA: 523 rows
2026-03-13 12:57:44,644 INFO [data_loader]   KPI_COUNTER: 609 rows
2026-03-13 12:57:44,644 INFO [data_loader] Loading ALARM_LIBRARY (alarm catalog)...
2026-03-13 12:57:44,690 INFO [data_loader]   Alarm library: 3,664 alarm definitions
2026-03-13 12:57:44,693 INFO [data_loader] Loading alarm events...
2026-03-13 12:57:44,693 INFO [alarm_config] Inspecting ALARM table: ALARM ...
2026-03-13 12:57:44,697 INFO [alarm_config]   Found 72 columns: ['ALARM_ID_PK', 'OPEN_TIME', 'CHANGE_TIME', 'REPORTING_TIME', 'FIRST_RECEPTION_TIME', 'FIRST_PROCESSING_TIME', 'LAST_PROCESSING_TIME', 'CLOSURE_TIME', 'CLOSURE_RECEPTION_TIME', 'CLOSURE_PROCESSING_TIME', 'ALARM_EXTERNAL_ID', 'ALARM_CODE', 'ALARM_NAME', 'CLOSURE_EXTERNAL_ID', 'CLASSIFICATION', 'EVENT_TYPE', 'SEVERITY', 'ACTUAL_SEVERITY', 'ALARM_STATUS', 'ENTITY_NAME', 'ENTITY_ID', 'PARENT_ENTITY_ID', 'SUBENTITY', 'ENTITY_TYPE', 'ENTITY_STATUS', 'ENTITY_SERVICE_TYPE', 'LATITUDE', 'LONGITUDE', 'SENDER_NAME', 'SENDER_IP', 'SENDER_HOSTNAME', 'GEOGRAPHY_L1_NAME', 'GEOGRAPHY_L1_ID', 'GEOGRAPHY_L2_NAME', 'GEOGRAPHY_L2_ID', 'GEOGRAPHY_L3_NAME', 'GEOGRAPHY_L3_ID', 'GEOGRAPHY_L4_NAME', 'GEOGRAPHY_L4_ID', 'LOCATION_TYPE', 'LOCATION_ID', 'VENDOR', 'DOMAIN', 'TECHNOLOGY', 'PROBABLE_CAUSE', 'DESCRIPTION', 'SEQUENCE_NUMBER', 'SERVICE_AFFECTED', 'CLOSED_BY', 'CHANGE_REQUEST_ID', 'CORRELATION_TYPE', 'INCIDENT_ID', 'PARTICIPATED_IN_INCIDENT', 'MANUALLY_CLOSEABLE', 'MANUALLY_CLOSED_BY', 'ACKNOWLEDGED', 'ACKNOWLEDGED_BY', 'ACKNOWLEDGE_TIME', 'KAFKA_TOPIC_NAME', 'KAFKA_PARTITION_NO', 'KAFKA_OFFSET', 'OCCURRENCE', 'INSTANCE_ID', 'META_INFO', 'ENTITY_FAMILY', 'CORRELATION_FLAG', 'ADDITIONAL_DETAIL', 'ALARM_GROUP', 'CKT_ID', 'INCIDENT_STATUS', 'ASSIGN_INCIDENT', 'TAG']
2026-03-13 12:57:44,698 INFO [alarm_config]   ✅  ne_id           → ENTITY_ID
2026-03-13 12:57:44,698 INFO [alarm_config]   ✅  alarm_code      → ALARM_CODE
2026-03-13 12:57:44,698 INFO [alarm_config]   ✅  severity        → SEVERITY
2026-03-13 12:57:44,698 INFO [alarm_config]   ✅  timestamp       → OPEN_TIME
2026-03-13 12:57:44,698 INFO [alarm_config]   ✅  root_cause      → PROBABLE_CAUSE
2026-03-13 12:57:44,698 INFO [alarm_config]   ✅  status          → ALARM_STATUS
2026-03-13 12:57:44,698 INFO [alarm_config]   ✅  clear_time      → CLOSURE_TIME
2026-03-13 12:57:44,698 WARNING [alarm_config]   ⚠️   ne_type         → not found; using config value: None
2026-03-13 12:57:44,698 INFO [alarm_config]   ✅  domain          → DOMAIN
2026-03-13 12:57:44,698 INFO [alarm_config]   Schema saved to /Users/ent-00379/Downloads/idea/pipeline/data/alarm_schema.json
2026-03-13 12:57:50,032 INFO [data_loader]   Loaded 500,000+ rows...
2026-03-13 12:57:50,235 INFO [data_loader]   Enriching labels from ALARM_LIBRARY (ALARM_CODE → ALARM_ID → ALARM_IDENTIFIER + CLASSIFICATION)...
2026-03-13 12:57:56,954 INFO [data_loader]   Loaded 1,001,152 alarms — 1,001,152 with ROOT_CAUSE labels
2026-03-13 12:57:57,642 INFO [data_loader] Loading NETWORK_INVENTORY (chunked)...
2026-03-13 12:57:57,643 WARNING [data_loader]   NETWORK_INVENTORY not available: Execution failed on sql '
        SELECT ID, NAME, NI_TYPE, TECHNOLOGY, VENDOR,
               STATUS, STATE, DOMAIN, SOFTWARE_VERSION,
               IS_VIRTUAL, CATEGORY, ROLE,
               NETWORK_ELEMENT_ID_FK,
               PARENT_NETWORK_INVENTORY_ID_FK,
               KERNEL_VERSION, FIRMWARE, BIOS_VERSION
        FROM NETWORK_INVENTORY
        WHERE IS_DELETED = 0
    ': (pymysql.err.ProgrammingError) (1146, "Table 'railtel.network_inventory' doesn't exist")
[SQL: 
        SELECT ID, NAME, NI_TYPE, TECHNOLOGY, VENDOR,
               STATUS, STATE, DOMAIN, SOFTWARE_VERSION,
               IS_VIRTUAL, CATEGORY, ROLE,
               NETWORK_ELEMENT_ID_FK,
               PARENT_NETWORK_INVENTORY_ID_FK,
               KERNEL_VERSION, FIRMWARE, BIOS_VERSION
        FROM NETWORK_INVENTORY
        WHERE IS_DELETED = 0
    ]
(Background on this error at: https://sqlalche.me/e/20/f405)
2026-03-13 12:57:57,659 INFO [data_loader] 
============================================================
2026-03-13 12:57:57,659 INFO [data_loader] DATA LOAD SUMMARY
2026-03-13 12:57:57,659 INFO [data_loader] ============================================================
2026-03-13 12:57:57,659 INFO [data_loader]   Network Elements :     57,705
2026-03-13 12:57:57,659 INFO [data_loader]   Topology Links   :      3,530
2026-03-13 12:57:57,659 INFO [data_loader]   KPI Formulas     :        523
2026-03-13 12:57:57,659 INFO [data_loader]   KPI Counters     :        609
2026-03-13 12:57:57,659 INFO [data_loader]   Alarm Library    :      3,664  (catalog, not events)
2026-03-13 12:57:57,659 INFO [data_loader]   Alarm Events     :  1,001,152
2026-03-13 12:57:57,660 INFO [data_loader]   Labelled Alarms  :  1,001,152  (for root cause training)
2026-03-13 12:57:57,660 INFO [data_loader]   Inventory Items  :          0
2026-03-13 12:57:57,660 INFO [data_loader] ============================================================
2026-03-13 12:57:57,660 INFO [run_pipeline]   Done in 14.4s
2026-03-13 12:57:57,660 INFO [run_pipeline] 
─────────────────────────────────────────────────────────────────
2026-03-13 12:57:57,660 INFO [run_pipeline]   Step 2/5: Build ML features
2026-03-13 12:57:57,660 INFO [run_pipeline] ─────────────────────────────────────────────────────────────────
2026-03-13 12:57:58,400 INFO [feature_builder] 
==================================================
2026-03-13 12:57:58,400 INFO [feature_builder] Building master feature set...
2026-03-13 12:57:58,400 INFO [feature_builder] ==================================================
2026-03-13 12:57:58,400 INFO [feature_builder] Building NE static features...
2026-03-13 12:57:58,463 INFO [feature_builder]   NE static features: 56 columns
2026-03-13 12:57:58,463 INFO [feature_builder] Building graph topology features...
2026-03-13 12:57:59,262 INFO [feature_builder]   Graph: 57,705 nodes, 1,344 edges
2026-03-13 12:57:59,268 INFO [feature_builder]   Computing betweenness centrality (k=500)...
2026-03-13 12:58:03,139 INFO [feature_builder]   Computing clustering coefficients...
2026-03-13 12:58:03,276 INFO [feature_builder]   Graph features built for 57,705 nodes
2026-03-13 12:58:03,276 INFO [feature_builder] Building ISIS link health features per NE...
2026-03-13 12:58:03,288 INFO [feature_builder]   ISIS health features for 158 NEs
2026-03-13 12:58:03,288 INFO [feature_builder] Building hierarchy depth features...
2026-03-13 12:58:03,295 INFO [feature_builder]   Computing hierarchy depths (this may take a moment)...
2026-03-13 12:58:03,334 INFO [feature_builder]   Max hierarchy depth: 1
2026-03-13 12:58:03,338 INFO [feature_builder] 
Master feature set: 57,705 NEs × 82 features
2026-03-13 12:58:03,416 INFO [feature_builder] Saved to /Users/ent-00379/Downloads/idea/pipeline/data/processed/master_features.pkl
2026-03-13 12:58:03,416 INFO [run_pipeline]   Done in 5.8s  (57,705 NEs × 82 features)
2026-03-13 12:58:03,416 INFO [run_pipeline] 
─────────────────────────────────────────────────────────────────
2026-03-13 12:58:03,416 INFO [run_pipeline]   Step 3/5: Train Root Cause Classifier (XGBoost → ONNX)
2026-03-13 12:58:03,416 INFO [run_pipeline] ─────────────────────────────────────────────────────────────────
2026-03-13 12:58:03,539 INFO [train_root_cause] Preparing training data...
2026-03-13 12:58:03,994 INFO [train_root_cause] Training samples after join: 0
2026-03-13 12:58:03,995 INFO [train_root_cause] Training samples with labels: 0
2026-03-13 12:58:03,995 WARNING [train_root_cause] Only 0 labelled samples — adding synthetic data to reach 50k
2026-03-13 12:58:03,995 INFO [train_root_cause] Generating 50,000 synthetic training samples...
2026-03-13 12:58:05,251 INFO [train_root_cause]   Root cause distribution:
CONFIGURATION_ERROR    12443
POWER_ISSUE            10021
BACKHAUL_ISSUE         10013
HARDWARE_FAILURE        9937
UNKNOWN                 7541
LINK_CONGESTION           20
PACKET_LOSS               13
INTERFACE_ERROR            8
LATENCY_HIGH               4
Name: count, dtype: int64
2026-03-13 12:58:05,265 INFO [train_root_cause] 
==================================================
2026-03-13 12:58:05,266 INFO [train_root_cause] TRAINING ROOT CAUSE CLASSIFIER
2026-03-13 12:58:05,266 INFO [train_root_cause] ==================================================
2026-03-13 12:58:05,266 INFO [train_root_cause] Using 41 features
2026-03-13 12:58:05,276 INFO [train_root_cause] Classes (9): [np.str_('BACKHAUL_ISSUE'), np.str_('CONFIGURATION_ERROR'), np.str_('HARDWARE_FAILURE'), np.str_('INTERFACE_ERROR'), np.str_('LATENCY_HIGH'), np.str_('LINK_CONGESTION'), np.str_('PACKET_LOSS'), np.str_('POWER_ISSUE'), np.str_('UNKNOWN')]
2026-03-13 12:58:05,293 INFO [train_root_cause] Train: 40,000  Test: 10,000
2026-03-13 12:58:05,293 INFO [train_root_cause] Training XGBoost model...
2026-03-13 12:58:05,892 INFO [train_root_cause] 
Classification Report:
2026-03-13 12:58:05,896 INFO [train_root_cause]                      precision    recall  f1-score   support

     BACKHAUL_ISSUE       0.26      0.00      0.01      2003
CONFIGURATION_ERROR       0.25      0.99      0.40      2489
   HARDWARE_FAILURE       0.20      0.00      0.00      1987
    INTERFACE_ERROR       0.00      0.00      0.00         1
       LATENCY_HIGH       0.00      0.00      0.00         1
    LINK_CONGESTION       0.00      0.00      0.00         4
        PACKET_LOSS       0.00      0.00      0.00         3
        POWER_ISSUE       0.12      0.00      0.00      2004
            UNKNOWN       0.00      0.00      0.00      1508

           accuracy                           0.25     10000
          macro avg       0.09      0.11      0.05     10000
       weighted avg       0.18      0.25      0.10     10000

2026-03-13 12:58:05,896 INFO [train_root_cause] 
Overall Accuracy: 0.248
2026-03-13 12:58:05,897 INFO [train_root_cause] 
Top 15 Most Important Features:
2026-03-13 12:58:05,898 INFO [train_root_cause]                   feature  importance
30    SRC_AVG_UTILIZATION    0.140864
29    SRC_MAX_UTILIZATION    0.125131
37      LINK_HEALTH_SCORE    0.122608
8         ADMIN_STATE_ENC    0.056713
24            IS_ISOLATED    0.054135
35    DST_MAX_UTILIZATION    0.050963
20            BETWEENNESS    0.048999
23                IS_LEAF    0.047491
9             NE_AGE_DAYS    0.038866
22         COMPONENT_SIZE    0.036097
5   OPERATIONAL_STATE_ENC    0.034562
25             TOPO_LAYER    0.033225
26        HIERARCHY_DEPTH    0.032727
19           GRAPH_DEGREE    0.030359
21        CLUSTERING_COEF    0.028427
2026-03-13 12:58:05,901 INFO [train_root_cause] 
Model saved to /Users/ent-00379/Downloads/idea/pipeline/data/models/
2026-03-13 12:58:05,901 INFO [train_root_cause] 
Exporting model to ONNX...
2026-03-13 12:58:05,971 INFO [train_root_cause] ONNX model saved: /Users/ent-00379/Downloads/idea/pipeline/data/models/root_cause_classifier.onnx
2026-03-13 12:58:05,971 INFO [train_root_cause]   Input:  [None, 41] float32
2026-03-13 12:58:05,971 INFO [train_root_cause]   Output: [None, 9] float32 (class probabilities)
2026-03-13 12:58:05,971 INFO [train_root_cause]   File size: 251.2 KB
2026-03-13 12:58:05,971 INFO [run_pipeline]   Done in 2.6s  accuracy=0.248
2026-03-13 12:58:05,971 INFO [run_pipeline] 
─────────────────────────────────────────────────────────────────
2026-03-13 12:58:05,971 INFO [run_pipeline]   Step 4/5: Train Alarm Propagation model
2026-03-13 12:58:05,971 INFO [run_pipeline] ─────────────────────────────────────────────────────────────────
2026-03-13 12:58:05,971 INFO [train_propagation] Building alarm sequences...
2026-03-13 12:58:25,018 INFO [train_propagation]   Built 62 alarm sessions from 1,001,152 alarms
2026-03-13 12:58:25,051 INFO [train_propagation] Learning alarm propagation rules...
2026-03-13 12:58:25,145 INFO [train_propagation]   Learned 2,109 propagation rules
2026-03-13 12:58:25,146 INFO [train_propagation]   Covering 103 root alarms
2026-03-13 12:58:25,146 INFO [train_propagation]   High confidence rules (≥70%): 1,956
2026-03-13 12:58:25,158 INFO [train_propagation] Rules saved to /Users/ent-00379/Downloads/idea/pipeline/data/models/alarm_propagation_rules.json
2026-03-13 12:58:25,158 INFO [train_propagation] File size: 464.0 KB
2026-03-13 12:58:25,159 INFO [run_pipeline]   Done in 19.2s  2,109 rules
2026-03-13 12:58:25,159 INFO [run_pipeline] 
─────────────────────────────────────────────────────────────────
2026-03-13 12:58:25,159 INFO [run_pipeline]   Step 4b: Alarm correlation (incidents)
2026-03-13 12:58:25,159 INFO [run_pipeline] ─────────────────────────────────────────────────────────────────
2026-03-13 12:58:45,941 INFO [alarm_correlator] Correlated 1,001,152 alarms into 15,678 incidents (window=30 min)
2026-03-13 12:58:46,058 INFO [alarm_correlator] Saved /Users/ent-00379/Downloads/idea/pipeline/data/processed/incidents.pkl
2026-03-13 12:58:46,068 INFO [run_pipeline]   Done in 20.9s
2026-03-13 12:58:46,068 INFO [run_pipeline] 
─────────────────────────────────────────────────────────────────
2026-03-13 12:58:46,068 INFO [run_pipeline]   Step 4c: Train sequence model (LSTM → ONNX)
2026-03-13 12:58:46,068 INFO [run_pipeline] ─────────────────────────────────────────────────────────────────
2026-03-13 12:58:46,150 INFO [train_sequence_model] Vocab size=114, classes=9, incidents=15678
2026-03-13 12:58:47,733 INFO [train_sequence_model] Training LSTM (5 epochs, batch=256)...
2026-03-13 13:14:33,627 INFO [run_pipeline] ======================================================================
2026-03-13 13:14:33,627 INFO [run_pipeline] NOC ML PIPELINE — FULL TRAINING
2026-03-13 13:14:33,627 INFO [run_pipeline] ======================================================================
2026-03-13 13:14:33,627 INFO [run_pipeline] 
─────────────────────────────────────────────────────────────────
2026-03-13 13:14:33,627 INFO [run_pipeline]   Step 1/5: Load data from MySQL
2026-03-13 13:14:33,627 INFO [run_pipeline] ─────────────────────────────────────────────────────────────────
2026-03-13 13:14:34,006 INFO [data_loader] ============================================================
2026-03-13 13:14:34,006 INFO [data_loader] NOC PIPELINE — DATA LOADING
2026-03-13 13:14:34,006 INFO [data_loader]   DB: localhost/railtel
2026-03-13 13:14:34,006 INFO [data_loader] ============================================================
2026-03-13 13:14:34,006 INFO [data_loader] Loading NETWORK_ELEMENT...
2026-03-13 13:14:34,947 INFO [data_loader]   Loaded 57,705 network elements
2026-03-13 13:14:35,058 INFO [data_loader]   Saved 57,705 rows → /Users/ent-00379/Downloads/idea/pipeline/data/processed/network_elements.pkl
2026-03-13 13:14:35,059 INFO [data_loader] Loading topology links...
2026-03-13 13:14:35,071 INFO [data_loader]   BGP links: 2,076
2026-03-13 13:14:35,083 INFO [data_loader]   LLDP links: 1,581
2026-03-13 13:14:35,091 INFO [data_loader]   OSPF links: 1,138
2026-03-13 13:14:35,108 INFO [data_loader]   ISIS links: 294
2026-03-13 13:14:35,116 INFO [data_loader]   PRV_ISIS links: 1,123
2026-03-13 13:14:35,118 INFO [data_loader]   Total links: 3,530
2026-03-13 13:14:35,120 INFO [data_loader]   Saved → /Users/ent-00379/Downloads/idea/pipeline/data/processed/topology_links.pkl
2026-03-13 13:14:35,120 INFO [data_loader] Loading KPI definitions (optional)...
2026-03-13 13:14:35,135 INFO [data_loader]   KPI_FORMULA: 523 rows
2026-03-13 13:14:35,149 INFO [data_loader]   KPI_COUNTER: 609 rows
2026-03-13 13:14:35,149 INFO [data_loader] Loading ALARM_LIBRARY (alarm catalog)...
2026-03-13 13:14:35,191 INFO [data_loader]   Alarm library: 3,664 alarm definitions
2026-03-13 13:14:35,195 INFO [data_loader] Loading alarm events...
2026-03-13 13:14:35,195 INFO [alarm_config] Inspecting ALARM table: ALARM ...
2026-03-13 13:14:35,198 INFO [alarm_config]   Found 72 columns: ['ALARM_ID_PK', 'OPEN_TIME', 'CHANGE_TIME', 'REPORTING_TIME', 'FIRST_RECEPTION_TIME', 'FIRST_PROCESSING_TIME', 'LAST_PROCESSING_TIME', 'CLOSURE_TIME', 'CLOSURE_RECEPTION_TIME', 'CLOSURE_PROCESSING_TIME', 'ALARM_EXTERNAL_ID', 'ALARM_CODE', 'ALARM_NAME', 'CLOSURE_EXTERNAL_ID', 'CLASSIFICATION', 'EVENT_TYPE', 'SEVERITY', 'ACTUAL_SEVERITY', 'ALARM_STATUS', 'ENTITY_NAME', 'ENTITY_ID', 'PARENT_ENTITY_ID', 'SUBENTITY', 'ENTITY_TYPE', 'ENTITY_STATUS', 'ENTITY_SERVICE_TYPE', 'LATITUDE', 'LONGITUDE', 'SENDER_NAME', 'SENDER_IP', 'SENDER_HOSTNAME', 'GEOGRAPHY_L1_NAME', 'GEOGRAPHY_L1_ID', 'GEOGRAPHY_L2_NAME', 'GEOGRAPHY_L2_ID', 'GEOGRAPHY_L3_NAME', 'GEOGRAPHY_L3_ID', 'GEOGRAPHY_L4_NAME', 'GEOGRAPHY_L4_ID', 'LOCATION_TYPE', 'LOCATION_ID', 'VENDOR', 'DOMAIN', 'TECHNOLOGY', 'PROBABLE_CAUSE', 'DESCRIPTION', 'SEQUENCE_NUMBER', 'SERVICE_AFFECTED', 'CLOSED_BY', 'CHANGE_REQUEST_ID', 'CORRELATION_TYPE', 'INCIDENT_ID', 'PARTICIPATED_IN_INCIDENT', 'MANUALLY_CLOSEABLE', 'MANUALLY_CLOSED_BY', 'ACKNOWLEDGED', 'ACKNOWLEDGED_BY', 'ACKNOWLEDGE_TIME', 'KAFKA_TOPIC_NAME', 'KAFKA_PARTITION_NO', 'KAFKA_OFFSET', 'OCCURRENCE', 'INSTANCE_ID', 'META_INFO', 'ENTITY_FAMILY', 'CORRELATION_FLAG', 'ADDITIONAL_DETAIL', 'ALARM_GROUP', 'CKT_ID', 'INCIDENT_STATUS', 'ASSIGN_INCIDENT', 'TAG']
2026-03-13 13:14:35,199 INFO [alarm_config]   ✅  ne_id           → ENTITY_ID
2026-03-13 13:14:35,199 INFO [alarm_config]   ✅  alarm_code      → ALARM_CODE
2026-03-13 13:14:35,199 INFO [alarm_config]   ✅  severity        → SEVERITY
2026-03-13 13:14:35,199 INFO [alarm_config]   ✅  timestamp       → OPEN_TIME
2026-03-13 13:14:35,199 INFO [alarm_config]   ✅  root_cause      → PROBABLE_CAUSE
2026-03-13 13:14:35,199 INFO [alarm_config]   ✅  status          → ALARM_STATUS
2026-03-13 13:14:35,199 INFO [alarm_config]   ✅  clear_time      → CLOSURE_TIME
2026-03-13 13:14:35,199 WARNING [alarm_config]   ⚠️   ne_type         → not found; using config value: None
2026-03-13 13:14:35,199 INFO [alarm_config]   ✅  domain          → DOMAIN
2026-03-13 13:14:35,199 INFO [alarm_config]   Schema saved to /Users/ent-00379/Downloads/idea/pipeline/data/alarm_schema.json
2026-03-13 13:14:40,664 INFO [data_loader]   Loaded 500,000+ rows...
2026-03-13 13:14:40,868 INFO [data_loader]   Enriching labels from ALARM_LIBRARY (ALARM_CODE → ALARM_ID → ALARM_IDENTIFIER + CLASSIFICATION)...
2026-03-13 13:14:47,869 INFO [data_loader]   Loaded 1,001,152 alarms — 1,001,152 with ROOT_CAUSE labels
2026-03-13 13:14:48,616 INFO [data_loader] Loading NETWORK_INVENTORY (chunked)...
2026-03-13 13:14:48,619 WARNING [data_loader]   NETWORK_INVENTORY not available: Execution failed on sql '
        SELECT ID, NAME, NI_TYPE, TECHNOLOGY, VENDOR,
               STATUS, STATE, DOMAIN, SOFTWARE_VERSION,
               IS_VIRTUAL, CATEGORY, ROLE,
               NETWORK_ELEMENT_ID_FK,
               PARENT_NETWORK_INVENTORY_ID_FK,
               KERNEL_VERSION, FIRMWARE, BIOS_VERSION
        FROM NETWORK_INVENTORY
        WHERE IS_DELETED = 0
    ': (pymysql.err.ProgrammingError) (1146, "Table 'railtel.network_inventory' doesn't exist")
[SQL: 
        SELECT ID, NAME, NI_TYPE, TECHNOLOGY, VENDOR,
               STATUS, STATE, DOMAIN, SOFTWARE_VERSION,
               IS_VIRTUAL, CATEGORY, ROLE,
               NETWORK_ELEMENT_ID_FK,
               PARENT_NETWORK_INVENTORY_ID_FK,
               KERNEL_VERSION, FIRMWARE, BIOS_VERSION
        FROM NETWORK_INVENTORY
        WHERE IS_DELETED = 0
    ]
(Background on this error at: https://sqlalche.me/e/20/f405)
2026-03-13 13:14:48,635 INFO [data_loader] 
============================================================
2026-03-13 13:14:48,635 INFO [data_loader] DATA LOAD SUMMARY
2026-03-13 13:14:48,635 INFO [data_loader] ============================================================
2026-03-13 13:14:48,635 INFO [data_loader]   Network Elements :     57,705
2026-03-13 13:14:48,635 INFO [data_loader]   Topology Links   :      3,530
2026-03-13 13:14:48,635 INFO [data_loader]   KPI Formulas     :        523
2026-03-13 13:14:48,635 INFO [data_loader]   KPI Counters     :        609
2026-03-13 13:14:48,635 INFO [data_loader]   Alarm Library    :      3,664  (catalog, not events)
2026-03-13 13:14:48,635 INFO [data_loader]   Alarm Events     :  1,001,152
2026-03-13 13:14:48,635 INFO [data_loader]   Labelled Alarms  :  1,001,152  (for root cause training)
2026-03-13 13:14:48,635 INFO [data_loader]   Inventory Items  :          0
2026-03-13 13:14:48,635 INFO [data_loader] ============================================================
2026-03-13 13:14:48,635 INFO [run_pipeline]   Done in 15.0s
2026-03-13 13:14:48,635 INFO [run_pipeline] 
─────────────────────────────────────────────────────────────────
2026-03-13 13:14:48,635 INFO [run_pipeline]   Step 2/5: Build ML features
2026-03-13 13:14:48,635 INFO [run_pipeline] ─────────────────────────────────────────────────────────────────
2026-03-13 13:14:49,523 INFO [feature_builder] 
==================================================
2026-03-13 13:14:49,523 INFO [feature_builder] Building master feature set...
2026-03-13 13:14:49,523 INFO [feature_builder] ==================================================
2026-03-13 13:14:49,523 INFO [feature_builder] Building NE static features...
2026-03-13 13:14:49,590 INFO [feature_builder]   NE static features: 56 columns
2026-03-13 13:14:49,591 INFO [feature_builder] Building graph topology features...
2026-03-13 13:14:50,408 INFO [feature_builder]   Graph: 57,705 nodes, 1,344 edges
2026-03-13 13:14:50,414 INFO [feature_builder]   Computing betweenness centrality (k=500)...
2026-03-13 13:14:54,198 INFO [feature_builder]   Computing clustering coefficients...
2026-03-13 13:14:54,335 INFO [feature_builder]   Graph features built for 57,705 nodes
2026-03-13 13:14:54,336 INFO [feature_builder] Building ISIS link health features per NE...
2026-03-13 13:14:54,348 INFO [feature_builder]   ISIS health features for 158 NEs
2026-03-13 13:14:54,348 INFO [feature_builder] Building hierarchy depth features...
2026-03-13 13:14:54,355 INFO [feature_builder]   Computing hierarchy depths (this may take a moment)...
2026-03-13 13:14:54,394 INFO [feature_builder]   Max hierarchy depth: 1
2026-03-13 13:14:54,398 INFO [feature_builder] 
Master feature set: 57,705 NEs × 82 features
2026-03-13 13:14:54,479 INFO [feature_builder] Saved to /Users/ent-00379/Downloads/idea/pipeline/data/processed/master_features.pkl
2026-03-13 13:14:54,479 INFO [run_pipeline]   Done in 5.8s  (57,705 NEs × 82 features)
2026-03-13 13:14:54,479 INFO [run_pipeline] 
─────────────────────────────────────────────────────────────────
2026-03-13 13:14:54,479 INFO [run_pipeline]   Step 3/5: Train Root Cause Classifier (XGBoost → ONNX)
2026-03-13 13:14:54,479 INFO [run_pipeline] ─────────────────────────────────────────────────────────────────
2026-03-13 13:14:54,644 INFO [train_root_cause] Preparing training data...
2026-03-13 13:14:55,153 INFO [train_root_cause] Training samples after join: 0
2026-03-13 13:14:55,153 INFO [train_root_cause] Training samples with labels: 0
2026-03-13 13:14:55,153 WARNING [train_root_cause] Only 0 labelled samples — adding synthetic data to reach 50k
2026-03-13 13:14:55,153 INFO [train_root_cause] Generating 50,000 synthetic training samples...
2026-03-13 13:14:56,420 INFO [train_root_cause]   Root cause distribution:
CONFIGURATION_ERROR    12511
POWER_ISSUE            10027
BACKHAUL_ISSUE         10008
HARDWARE_FAILURE        9936
UNKNOWN                 7481
LINK_CONGESTION           21
PACKET_LOSS                7
INTERFACE_ERROR            6
LATENCY_HIGH               3
Name: count, dtype: int64
2026-03-13 13:14:56,435 INFO [train_root_cause] 
==================================================
2026-03-13 13:14:56,436 INFO [train_root_cause] TRAINING ROOT CAUSE CLASSIFIER
2026-03-13 13:14:56,436 INFO [train_root_cause] ==================================================
2026-03-13 13:14:56,437 INFO [train_root_cause] Using 41 features
2026-03-13 13:14:56,450 INFO [train_root_cause] Classes (9): [np.str_('BACKHAUL_ISSUE'), np.str_('CONFIGURATION_ERROR'), np.str_('HARDWARE_FAILURE'), np.str_('INTERFACE_ERROR'), np.str_('LATENCY_HIGH'), np.str_('LINK_CONGESTION'), np.str_('PACKET_LOSS'), np.str_('POWER_ISSUE'), np.str_('UNKNOWN')]
2026-03-13 13:14:56,467 INFO [train_root_cause] Train: 40,000  Test: 10,000
2026-03-13 13:14:56,467 INFO [train_root_cause] Training XGBoost model...
2026-03-13 13:14:57,061 INFO [train_root_cause] 
Classification Report:
2026-03-13 13:14:57,065 INFO [train_root_cause]                      precision    recall  f1-score   support

     BACKHAUL_ISSUE       0.17      0.00      0.00      2002
CONFIGURATION_ERROR       0.25      0.99      0.40      2502
   HARDWARE_FAILURE       0.30      0.00      0.01      1987
    INTERFACE_ERROR       0.00      0.00      0.00         1
       LATENCY_HIGH       0.00      0.00      0.00         1
    LINK_CONGESTION       0.00      0.00      0.00         4
        PACKET_LOSS       0.00      0.00      0.00         1
        POWER_ISSUE       0.30      0.00      0.00      2006
            UNKNOWN       0.00      0.00      0.00      1496

           accuracy                           0.25     10000
          macro avg       0.11      0.11      0.05     10000
       weighted avg       0.21      0.25      0.10     10000

2026-03-13 13:14:57,065 INFO [train_root_cause] 
Overall Accuracy: 0.250
2026-03-13 13:14:57,066 INFO [train_root_cause] 
Top 15 Most Important Features:
2026-03-13 13:14:57,067 INFO [train_root_cause]                 feature  importance
37    LINK_HEALTH_SCORE    0.133133
29  SRC_MAX_UTILIZATION    0.124701
30  SRC_AVG_UTILIZATION    0.123289
20          BETWEENNESS    0.063105
8       ADMIN_STATE_ENC    0.056148
27         IS_ROOT_NODE    0.048560
26      HIERARCHY_DEPTH    0.044897
25           TOPO_LAYER    0.040948
9           NE_AGE_DAYS    0.037197
22       COMPONENT_SIZE    0.037018
23              IS_LEAF    0.035475
19         GRAPH_DEGREE    0.034852
24          IS_ISOLATED    0.034572
35  DST_MAX_UTILIZATION    0.032504
2            VENDOR_ENC    0.031937
2026-03-13 13:14:57,070 INFO [train_root_cause] 
Model saved to /Users/ent-00379/Downloads/idea/pipeline/data/models/
2026-03-13 13:14:57,070 INFO [train_root_cause] 
Exporting model to ONNX...
2026-03-13 13:14:57,137 INFO [train_root_cause] ONNX model saved: /Users/ent-00379/Downloads/idea/pipeline/data/models/root_cause_classifier.onnx
2026-03-13 13:14:57,137 INFO [train_root_cause]   Input:  [None, 41] float32
2026-03-13 13:14:57,137 INFO [train_root_cause]   Output: [None, 9] float32 (class probabilities)
2026-03-13 13:14:57,137 INFO [train_root_cause]   File size: 226.0 KB
2026-03-13 13:14:57,137 INFO [run_pipeline]   Done in 2.7s  accuracy=0.25
2026-03-13 13:14:57,137 INFO [run_pipeline] 
─────────────────────────────────────────────────────────────────
2026-03-13 13:14:57,137 INFO [run_pipeline]   Step 4/5: Train Alarm Propagation model
2026-03-13 13:14:57,137 INFO [run_pipeline] ─────────────────────────────────────────────────────────────────
2026-03-13 13:14:57,138 INFO [train_propagation] Building alarm sequences...
2026-03-13 13:15:16,479 INFO [train_propagation]   Built 62 alarm sessions from 1,001,152 alarms
2026-03-13 13:15:16,510 INFO [train_propagation] Learning alarm propagation rules...
2026-03-13 13:15:16,610 INFO [train_propagation]   Learned 2,109 propagation rules
2026-03-13 13:15:16,610 INFO [train_propagation]   Covering 103 root alarms
2026-03-13 13:15:16,610 INFO [train_propagation]   High confidence rules (≥70%): 1,956
2026-03-13 13:15:16,623 INFO [train_propagation] Rules saved to /Users/ent-00379/Downloads/idea/pipeline/data/models/alarm_propagation_rules.json
2026-03-13 13:15:16,623 INFO [train_propagation] File size: 464.0 KB
2026-03-13 13:15:16,623 INFO [run_pipeline]   Done in 19.5s  2,109 rules
2026-03-13 13:15:16,623 INFO [run_pipeline] 
─────────────────────────────────────────────────────────────────
2026-03-13 13:15:16,623 INFO [run_pipeline]   Step 4b: Alarm correlation (incidents)
2026-03-13 13:15:16,623 INFO [run_pipeline] ─────────────────────────────────────────────────────────────────
2026-03-13 13:15:37,298 INFO [alarm_correlator] Correlated 1,001,152 alarms into 15,678 incidents (window=30 min)
2026-03-13 13:15:37,417 INFO [alarm_correlator] Saved /Users/ent-00379/Downloads/idea/pipeline/data/processed/incidents.pkl
2026-03-13 13:15:37,428 INFO [run_pipeline]   Done in 20.8s
2026-03-13 13:15:37,428 INFO [run_pipeline] 
─────────────────────────────────────────────────────────────────
2026-03-13 13:15:37,428 INFO [run_pipeline]   Step 4c: Train sequence model (LSTM → ONNX)
2026-03-13 13:15:37,428 INFO [run_pipeline] ─────────────────────────────────────────────────────────────────
2026-03-13 13:15:37,511 INFO [train_sequence_model] Vocab size=114, classes=9, incidents=15678
2026-03-13 13:15:39,009 INFO [train_sequence_model] Training LSTM (2 epochs, batch=256)...
2026-03-13 13:32:34,148 INFO [train_sequence_model] Vocab size=114, classes=9, incidents=15678
2026-03-13 13:32:35,475 INFO [train_sequence_model] Training LSTM (1 epochs, batch=256)...
2026-03-13 13:32:36,402 INFO [train_sequence_model] Epoch 1/1 train_loss=0.5955 val_acc=0.9885
2026-03-13 13:32:36,402 INFO [train_sequence_model] Saved vocab: /Users/ent-00379/Downloads/idea/pipeline/data/models/sequence_model_vocab.json
2026-03-13 13:32:36,402 INFO [train_sequence_model] Saved labels: /Users/ent-00379/Downloads/idea/pipeline/data/models/sequence_model_labels.json
2026-03-13 13:32:37,762 WARNING [onnxscript.version_converter] The model version conversion is not supported by the onnxscript version converter and fallback is enabled. The model will be converted using the onnx C API (target version: 14).
2026-03-13 13:32:37,768 WARNING [onnxscript.version_converter] Failed to convert the model to the target version 14 using the ONNX C API. The model was not modified
Traceback (most recent call last):
  File "/Users/ent-00379/Downloads/idea/pipeline/.venv/lib/python3.14/site-packages/onnxscript/version_converter/__init__.py", line 120, in call
    converted_proto = _c_api_utils.call_onnx_api(
        func=_partial_convert_version, model=model
    )
  File "/Users/ent-00379/Downloads/idea/pipeline/.venv/lib/python3.14/site-packages/onnxscript/version_converter/_c_api_utils.py", line 65, in call_onnx_api
    result = func(proto)
  File "/Users/ent-00379/Downloads/idea/pipeline/.venv/lib/python3.14/site-packages/onnxscript/version_converter/__init__.py", line 115, in _partial_convert_version
    return onnx.version_converter.convert_version(
           ~~~~~~~~~~~~~~~~~~~~~~~~~~~~~~~~~~~~~~^
        proto, target_version=self.target_version
        ^^^^^^^^^^^^^^^^^^^^^^^^^^^^^^^^^^^^^^^^^
    )
    ^
  File "/Users/ent-00379/Downloads/idea/pipeline/.venv/lib/python3.14/site-packages/onnx/version_converter.py", line 39, in convert_version
    converted_model_str = C.convert_version(model_str, target_version)
RuntimeError: /Users/runner/work/onnx/onnx/onnx/version_converter/BaseConverter.h:68: adapter_lookup: Assertion `false` failed: No Adapter From Version $15 for Shape
2026-03-13 13:32:37,770 INFO [onnx_ir.passes.common.unused_removal] Removed 17 unused nodes
2026-03-13 13:32:37,770 INFO [onnx_ir.passes.common.unused_removal] No unused functions to remove
2026-03-13 13:32:37,770 INFO [onnxscript.optimizer._constant_folding] Skipping constant folding for node 'node_Shape_0' because it is graph input to preserve graph signature
2026-03-13 13:32:37,771 INFO [onnxscript.optimizer._constant_folding] Skipping constant folding for node 'node_embedding' because it is graph input to preserve graph signature
2026-03-13 13:32:37,771 INFO [onnxscript.optimizer._constant_folding] Skipping constant folding for node Node(name='node_Slice_20', domain='', op_type='Slice', inputs=(SymbolicTensor(name='lstm.weight_ih_l0', type=Tensor(FLOAT), shape=Shape([512, 32]), const_value={TorchTensor(...)}), SymbolicTensor(name='val_16', type=Tensor(INT64), shape=Shape([1]), producer='node_Constant_16', index=0, const_value={Tensor<INT64,[1]>(array([0]), name=None)}), Value(name='val_15', type=Tensor(INT64), shape=Shape([1]), producer='node_Constant_81', index=0, const_value={Tensor<INT64,[1]>(array([128]), name='val_15')}), SymbolicTensor(name='val_16', type=Tensor(INT64), shape=Shape([1]), producer='node_Constant_16', index=0, const_value={Tensor<INT64,[1]>(array([0]), name=None)})), attributes={}, overload='', outputs=(SymbolicTensor(name='val_20', type=Tensor(FLOAT), shape=Shape([128, 32]), producer='node_Slice_20', index=0),), version=13, doc_string=None) due to large input sizes: [16384, 1, 1, 1]
2026-03-13 13:32:37,773 INFO [onnxscript.optimizer._constant_folding] Skipping constant folding for node Node(name='node_Slice_23', domain='', op_type='Slice', inputs=(SymbolicTensor(name='lstm.weight_ih_l0', type=Tensor(FLOAT), shape=Shape([512, 32]), const_value={TorchTensor(...)}), Value(name='val_15', type=Tensor(INT64), shape=Shape([1]), producer='node_Constant_81', index=0, const_value={Tensor<INT64,[1]>(array([128]), name='val_15')}), Value(name='val_22', type=Tensor(INT64), shape=Shape([1]), const_value={Tensor<INT64,[1]>(array([256]), name='val_22')}), SymbolicTensor(name='val_16', type=Tensor(INT64), shape=Shape([1]), producer='node_Constant_16', index=0, const_value={Tensor<INT64,[1]>(array([0]), name=None)})), attributes={}, overload='', outputs=(SymbolicTensor(name='val_23', type=Tensor(FLOAT), shape=Shape([128, 32]), producer='node_Slice_23', index=0),), version=13, doc_string=None) due to large input sizes: [16384, 1, 1, 1]
2026-03-13 13:32:37,773 INFO [onnxscript.optimizer._constant_folding] Skipping constant folding for node Node(name='node_Slice_27', domain='', op_type='Slice', inputs=(SymbolicTensor(name='lstm.weight_ih_l0', type=Tensor(FLOAT), shape=Shape([512, 32]), const_value={TorchTensor(...)}), Value(name='val_24', type=Tensor(INT64), shape=Shape([1]), const_value={Tensor<INT64,[1]>(array([256]), name='val_24')}), Value(name='val_26', type=Tensor(INT64), shape=Shape([1]), const_value={Tensor<INT64,[1]>(array([384]), name='val_26')}), SymbolicTensor(name='val_16', type=Tensor(INT64), shape=Shape([1]), producer='node_Constant_16', index=0, const_value={Tensor<INT64,[1]>(array([0]), name=None)})), attributes={}, overload='', outputs=(SymbolicTensor(name='val_27', type=Tensor(FLOAT), shape=Shape([128, 32]), producer='node_Slice_27', index=0),), version=13, doc_string=None) due to large input sizes: [16384, 1, 1, 1]
2026-03-13 13:32:37,774 INFO [onnxscript.optimizer._constant_folding] Skipping constant folding for node Node(name='node_Slice_31', domain='', op_type='Slice', inputs=(SymbolicTensor(name='lstm.weight_ih_l0', type=Tensor(FLOAT), shape=Shape([512, 32]), const_value={TorchTensor(...)}), Value(name='val_28', type=Tensor(INT64), shape=Shape([1]), const_value={Tensor<INT64,[1]>(array([384]), name='val_28')}), Value(name='val_30', type=Tensor(INT64), shape=Shape([1]), const_value={Tensor<INT64,[1]>(array([512]), name='val_30')}), SymbolicTensor(name='val_16', type=Tensor(INT64), shape=Shape([1]), producer='node_Constant_16', index=0, const_value={Tensor<INT64,[1]>(array([0]), name=None)})), attributes={}, overload='', outputs=(SymbolicTensor(name='val_31', type=Tensor(FLOAT), shape=Shape([128, 32]), producer='node_Slice_31', index=0),), version=13, doc_string=None) due to large input sizes: [16384, 1, 1, 1]
2026-03-13 13:32:37,774 INFO [onnxscript.optimizer._constant_folding] Skipping constant folding for node Node(name='node_Slice_32', domain='', op_type='Slice', inputs=(SymbolicTensor(name='lstm.weight_hh_l0', type=Tensor(FLOAT), shape=Shape([512, 128]), const_value={TorchTensor(...)}), SymbolicTensor(name='val_16', type=Tensor(INT64), shape=Shape([1]), producer='node_Constant_16', index=0, const_value={Tensor<INT64,[1]>(array([0]), name=None)}), Value(name='val_15', type=Tensor(INT64), shape=Shape([1]), producer='node_Constant_81', index=0, const_value={Tensor<INT64,[1]>(array([128]), name='val_15')}), SymbolicTensor(name='val_16', type=Tensor(INT64), shape=Shape([1]), producer='node_Constant_16', index=0, const_value={Tensor<INT64,[1]>(array([0]), name=None)})), attributes={}, overload='', outputs=(SymbolicTensor(name='val_32', type=Tensor(FLOAT), shape=Shape([128, 128]), producer='node_Slice_32', index=0),), version=13, doc_string=None) due to large input sizes: [65536, 1, 1, 1]
2026-03-13 13:32:37,775 INFO [onnxscript.optimizer._constant_folding] Skipping constant folding for node Node(name='node_Slice_34', domain='', op_type='Slice', inputs=(SymbolicTensor(name='lstm.weight_hh_l0', type=Tensor(FLOAT), shape=Shape([512, 128]), const_value={TorchTensor(...)}), Value(name='val_15', type=Tensor(INT64), shape=Shape([1]), producer='node_Constant_81', index=0, const_value={Tensor<INT64,[1]>(array([128]), name='val_15')}), Value(name='val_33', type=Tensor(INT64), shape=Shape([1]), const_value={Tensor<INT64,[1]>(array([256]), name='val_33')}), SymbolicTensor(name='val_16', type=Tensor(INT64), shape=Shape([1]), producer='node_Constant_16', index=0, const_value={Tensor<INT64,[1]>(array([0]), name=None)})), attributes={}, overload='', outputs=(SymbolicTensor(name='val_34', type=Tensor(FLOAT), shape=Shape([128, 128]), producer='node_Slice_34', index=0),), version=13, doc_string=None) due to large input sizes: [65536, 1, 1, 1]
2026-03-13 13:32:37,775 INFO [onnxscript.optimizer._constant_folding] Skipping constant folding for node Node(name='node_Slice_37', domain='', op_type='Slice', inputs=(SymbolicTensor(name='lstm.weight_hh_l0', type=Tensor(FLOAT), shape=Shape([512, 128]), const_value={TorchTensor(...)}), Value(name='val_35', type=Tensor(INT64), shape=Shape([1]), const_value={Tensor<INT64,[1]>(array([256]), name='val_35')}), Value(name='val_36', type=Tensor(INT64), shape=Shape([1]), const_value={Tensor<INT64,[1]>(array([384]), name='val_36')}), SymbolicTensor(name='val_16', type=Tensor(INT64), shape=Shape([1]), producer='node_Constant_16', index=0, const_value={Tensor<INT64,[1]>(array([0]), name=None)})), attributes={}, overload='', outputs=(SymbolicTensor(name='val_37', type=Tensor(FLOAT), shape=Shape([128, 128]), producer='node_Slice_37', index=0),), version=13, doc_string=None) due to large input sizes: [65536, 1, 1, 1]
2026-03-13 13:32:37,775 INFO [onnxscript.optimizer._constant_folding] Skipping constant folding for node Node(name='node_Slice_40', domain='', op_type='Slice', inputs=(SymbolicTensor(name='lstm.weight_hh_l0', type=Tensor(FLOAT), shape=Shape([512, 128]), const_value={TorchTensor(...)}), Value(name='val_38', type=Tensor(INT64), shape=Shape([1]), const_value={Tensor<INT64,[1]>(array([384]), name='val_38')}), Value(name='val_39', type=Tensor(INT64), shape=Shape([1]), const_value={Tensor<INT64,[1]>(array([512]), name='val_39')}), SymbolicTensor(name='val_16', type=Tensor(INT64), shape=Shape([1]), producer='node_Constant_16', index=0, const_value={Tensor<INT64,[1]>(array([0]), name=None)})), attributes={}, overload='', outputs=(SymbolicTensor(name='val_40', type=Tensor(FLOAT), shape=Shape([128, 128]), producer='node_Slice_40', index=0),), version=13, doc_string=None) due to large input sizes: [65536, 1, 1, 1]
2026-03-13 13:32:37,784 INFO [onnx_ir.passes.common.unused_removal] Removed 8 unused nodes
2026-03-13 13:32:37,785 INFO [onnx_ir.passes.common.unused_removal] No unused functions to remove
2026-03-13 13:32:37,785 INFO [onnxscript.optimizer._constant_folding] Skipping constant folding for node 'node_Shape_0' because it is graph input to preserve graph signature
2026-03-13 13:32:37,785 INFO [onnxscript.optimizer._constant_folding] Skipping constant folding for node 'node_embedding' because it is graph input to preserve graph signature
2026-03-13 13:32:37,785 INFO [onnxscript.optimizer._constant_folding] Skipping constant folding for node Node(name='node_Slice_20', domain='', op_type='Slice', inputs=(SymbolicTensor(name='lstm.weight_ih_l0', type=Tensor(FLOAT), shape=Shape([512, 32]), const_value={TorchTensor(...)}), SymbolicTensor(name='val_16', type=Tensor(INT64), shape=Shape([1]), producer='node_Constant_16', index=0, const_value={Tensor<INT64,[1]>(array([0]), name=None)}), Value(name='val_15', type=Tensor(INT64), shape=Shape([1]), producer='node_Constant_81', index=0, const_value={Tensor<INT64,[1]>(array([128]), name='val_15')}), SymbolicTensor(name='val_16', type=Tensor(INT64), shape=Shape([1]), producer='node_Constant_16', index=0, const_value={Tensor<INT64,[1]>(array([0]), name=None)})), attributes={}, overload='', outputs=(SymbolicTensor(name='val_20', type=Tensor(FLOAT), shape=Shape([128, 32]), producer='node_Slice_20', index=0),), version=13, doc_string=None) due to large input sizes: [16384, 1, 1, 1]
2026-03-13 13:32:37,786 INFO [onnxscript.optimizer._constant_folding] Skipping constant folding for node Node(name='node_Slice_23', domain='', op_type='Slice', inputs=(SymbolicTensor(name='lstm.weight_ih_l0', type=Tensor(FLOAT), shape=Shape([512, 32]), const_value={TorchTensor(...)}), Value(name='val_15', type=Tensor(INT64), shape=Shape([1]), producer='node_Constant_81', index=0, const_value={Tensor<INT64,[1]>(array([128]), name='val_15')}), Value(name='val_22', type=Tensor(INT64), shape=Shape([1]), const_value={Tensor<INT64,[1]>(array([256]), name='val_22')}), SymbolicTensor(name='val_16', type=Tensor(INT64), shape=Shape([1]), producer='node_Constant_16', index=0, const_value={Tensor<INT64,[1]>(array([0]), name=None)})), attributes={}, overload='', outputs=(SymbolicTensor(name='val_23', type=Tensor(FLOAT), shape=Shape([128, 32]), producer='node_Slice_23', index=0),), version=13, doc_string=None) due to large input sizes: [16384, 1, 1, 1]
2026-03-13 13:32:37,786 INFO [onnxscript.optimizer._constant_folding] Skipping constant folding for node Node(name='node_Slice_27', domain='', op_type='Slice', inputs=(SymbolicTensor(name='lstm.weight_ih_l0', type=Tensor(FLOAT), shape=Shape([512, 32]), const_value={TorchTensor(...)}), Value(name='val_24', type=Tensor(INT64), shape=Shape([1]), const_value={Tensor<INT64,[1]>(array([256]), name='val_24')}), Value(name='val_26', type=Tensor(INT64), shape=Shape([1]), const_value={Tensor<INT64,[1]>(array([384]), name='val_26')}), SymbolicTensor(name='val_16', type=Tensor(INT64), shape=Shape([1]), producer='node_Constant_16', index=0, const_value={Tensor<INT64,[1]>(array([0]), name=None)})), attributes={}, overload='', outputs=(SymbolicTensor(name='val_27', type=Tensor(FLOAT), shape=Shape([128, 32]), producer='node_Slice_27', index=0),), version=13, doc_string=None) due to large input sizes: [16384, 1, 1, 1]
2026-03-13 13:32:37,786 INFO [onnxscript.optimizer._constant_folding] Skipping constant folding for node Node(name='node_Slice_31', domain='', op_type='Slice', inputs=(SymbolicTensor(name='lstm.weight_ih_l0', type=Tensor(FLOAT), shape=Shape([512, 32]), const_value={TorchTensor(...)}), Value(name='val_28', type=Tensor(INT64), shape=Shape([1]), const_value={Tensor<INT64,[1]>(array([384]), name='val_28')}), Value(name='val_30', type=Tensor(INT64), shape=Shape([1]), const_value={Tensor<INT64,[1]>(array([512]), name='val_30')}), SymbolicTensor(name='val_16', type=Tensor(INT64), shape=Shape([1]), producer='node_Constant_16', index=0, const_value={Tensor<INT64,[1]>(array([0]), name=None)})), attributes={}, overload='', outputs=(SymbolicTensor(name='val_31', type=Tensor(FLOAT), shape=Shape([128, 32]), producer='node_Slice_31', index=0),), version=13, doc_string=None) due to large input sizes: [16384, 1, 1, 1]
2026-03-13 13:32:37,787 INFO [onnxscript.optimizer._constant_folding] Skipping constant folding for node Node(name='node_Slice_32', domain='', op_type='Slice', inputs=(SymbolicTensor(name='lstm.weight_hh_l0', type=Tensor(FLOAT), shape=Shape([512, 128]), const_value={TorchTensor(...)}), SymbolicTensor(name='val_16', type=Tensor(INT64), shape=Shape([1]), producer='node_Constant_16', index=0, const_value={Tensor<INT64,[1]>(array([0]), name=None)}), Value(name='val_15', type=Tensor(INT64), shape=Shape([1]), producer='node_Constant_81', index=0, const_value={Tensor<INT64,[1]>(array([128]), name='val_15')}), SymbolicTensor(name='val_16', type=Tensor(INT64), shape=Shape([1]), producer='node_Constant_16', index=0, const_value={Tensor<INT64,[1]>(array([0]), name=None)})), attributes={}, overload='', outputs=(SymbolicTensor(name='val_32', type=Tensor(FLOAT), shape=Shape([128, 128]), producer='node_Slice_32', index=0),), version=13, doc_string=None) due to large input sizes: [65536, 1, 1, 1]
2026-03-13 13:32:37,787 INFO [onnxscript.optimizer._constant_folding] Skipping constant folding for node Node(name='node_Slice_34', domain='', op_type='Slice', inputs=(SymbolicTensor(name='lstm.weight_hh_l0', type=Tensor(FLOAT), shape=Shape([512, 128]), const_value={TorchTensor(...)}), Value(name='val_15', type=Tensor(INT64), shape=Shape([1]), producer='node_Constant_81', index=0, const_value={Tensor<INT64,[1]>(array([128]), name='val_15')}), Value(name='val_33', type=Tensor(INT64), shape=Shape([1]), const_value={Tensor<INT64,[1]>(array([256]), name='val_33')}), SymbolicTensor(name='val_16', type=Tensor(INT64), shape=Shape([1]), producer='node_Constant_16', index=0, const_value={Tensor<INT64,[1]>(array([0]), name=None)})), attributes={}, overload='', outputs=(SymbolicTensor(name='val_34', type=Tensor(FLOAT), shape=Shape([128, 128]), producer='node_Slice_34', index=0),), version=13, doc_string=None) due to large input sizes: [65536, 1, 1, 1]
2026-03-13 13:32:37,787 INFO [onnxscript.optimizer._constant_folding] Skipping constant folding for node Node(name='node_Slice_37', domain='', op_type='Slice', inputs=(SymbolicTensor(name='lstm.weight_hh_l0', type=Tensor(FLOAT), shape=Shape([512, 128]), const_value={TorchTensor(...)}), Value(name='val_35', type=Tensor(INT64), shape=Shape([1]), const_value={Tensor<INT64,[1]>(array([256]), name='val_35')}), Value(name='val_36', type=Tensor(INT64), shape=Shape([1]), const_value={Tensor<INT64,[1]>(array([384]), name='val_36')}), SymbolicTensor(name='val_16', type=Tensor(INT64), shape=Shape([1]), producer='node_Constant_16', index=0, const_value={Tensor<INT64,[1]>(array([0]), name=None)})), attributes={}, overload='', outputs=(SymbolicTensor(name='val_37', type=Tensor(FLOAT), shape=Shape([128, 128]), producer='node_Slice_37', index=0),), version=13, doc_string=None) due to large input sizes: [65536, 1, 1, 1]
2026-03-13 13:32:37,787 INFO [onnxscript.optimizer._constant_folding] Skipping constant folding for node Node(name='node_Slice_40', domain='', op_type='Slice', inputs=(SymbolicTensor(name='lstm.weight_hh_l0', type=Tensor(FLOAT), shape=Shape([512, 128]), const_value={TorchTensor(...)}), Value(name='val_38', type=Tensor(INT64), shape=Shape([1]), const_value={Tensor<INT64,[1]>(array([384]), name='val_38')}), Value(name='val_39', type=Tensor(INT64), shape=Shape([1]), const_value={Tensor<INT64,[1]>(array([512]), name='val_39')}), SymbolicTensor(name='val_16', type=Tensor(INT64), shape=Shape([1]), producer='node_Constant_16', index=0, const_value={Tensor<INT64,[1]>(array([0]), name=None)})), attributes={}, overload='', outputs=(SymbolicTensor(name='val_40', type=Tensor(FLOAT), shape=Shape([128, 128]), producer='node_Slice_40', index=0),), version=13, doc_string=None) due to large input sizes: [65536, 1, 1, 1]
2026-03-13 13:32:37,793 INFO [onnx_ir.passes.common.unused_removal] Removed 2 unused nodes
2026-03-13 13:32:37,793 INFO [onnx_ir.passes.common.unused_removal] No unused functions to remove
2026-03-13 13:32:37,793 INFO [onnx_ir.passes.common.initializer_deduplication] Replaced initializer 'val_24' with existing initializer 'val_22'
2026-03-13 13:32:37,793 INFO [onnx_ir.passes.common.initializer_deduplication] Replaced initializer 'val_28' with existing initializer 'val_26'
2026-03-13 13:32:37,793 INFO [onnx_ir.passes.common.initializer_deduplication] Replaced initializer 'val_33' with existing initializer 'val_22'
2026-03-13 13:32:37,793 INFO [onnx_ir.passes.common.initializer_deduplication] Replaced initializer 'val_35' with existing initializer 'val_22'
2026-03-13 13:32:37,793 INFO [onnx_ir.passes.common.initializer_deduplication] Replaced initializer 'val_36' with existing initializer 'val_26'
2026-03-13 13:32:37,794 INFO [onnx_ir.passes.common.initializer_deduplication] Replaced initializer 'val_38' with existing initializer 'val_26'
2026-03-13 13:32:37,794 INFO [onnx_ir.passes.common.initializer_deduplication] Replaced initializer 'val_39' with existing initializer 'val_30'
2026-03-13 13:32:37,794 INFO [onnx_ir.passes.common.initializer_deduplication] Replaced initializer 'val_8' with existing initializer 'val_2'
2026-03-13 13:32:37,794 INFO [onnx_ir.passes.common.initializer_deduplication] Replaced initializer 'val_10' with existing initializer 'val_4'
2026-03-13 13:32:37,794 INFO [onnx_ir.passes.common.initializer_deduplication] Replaced initializer 'val_12' with existing initializer 'val_6'
2026-03-13 13:32:37,794 INFO [onnx_ir.passes.common.initializer_deduplication] Replaced initializer 'val_15' with existing initializer 'val_6'
2026-03-13 13:32:37,794 INFO [onnx_ir.passes.common.initializer_deduplication] Replaced initializer 'val_17' with existing initializer 'val_4'
2026-03-13 13:32:37,796 INFO [train_sequence_model] ONNX saved: /Users/ent-00379/Downloads/idea/pipeline/data/models/root_cause_sequence.onnx
2026-03-13 13:32:37,796 INFO [train_sequence_model] Copied sequence artifacts to /Users/ent-00379/Downloads/idea/pipeline/data/models/deploy
2026-03-13 15:30:00,221 INFO [run_pipeline] ======================================================================
2026-03-13 15:30:00,221 INFO [run_pipeline] NOC ML PIPELINE — FULL TRAINING
2026-03-13 15:30:00,221 INFO [run_pipeline] ======================================================================
2026-03-13 15:30:00,221 INFO [run_pipeline] 
─────────────────────────────────────────────────────────────────
2026-03-13 15:30:00,221 INFO [run_pipeline]   Step 1/5: Load data from MySQL
2026-03-13 15:30:00,221 INFO [run_pipeline] ─────────────────────────────────────────────────────────────────
2026-03-13 15:30:00,699 INFO [data_loader] ============================================================
2026-03-13 15:30:00,699 INFO [data_loader] NOC PIPELINE — DATA LOADING
2026-03-13 15:30:00,699 INFO [data_loader]   DB: localhost/railtel
2026-03-13 15:30:00,699 INFO [data_loader] ============================================================
2026-03-13 15:30:00,699 INFO [data_loader] Loading NETWORK_ELEMENT...
2026-03-13 15:30:01,682 INFO [data_loader]   Loaded 57,705 network elements
2026-03-13 15:30:01,807 INFO [data_loader]   Saved 57,705 rows → /Users/ent-00379/Downloads/idea/pipeline/data/processed/network_elements.pkl
2026-03-13 15:30:01,807 INFO [data_loader] Loading topology links...
2026-03-13 15:30:01,819 INFO [data_loader]   BGP links: 2,076
2026-03-13 15:30:01,831 INFO [data_loader]   LLDP links: 1,581
2026-03-13 15:30:01,839 INFO [data_loader]   OSPF links: 1,138
2026-03-13 15:30:01,845 INFO [data_loader]   ISIS links: 294
2026-03-13 15:30:01,857 INFO [data_loader]   PRV_ISIS links: 1,123
2026-03-13 15:30:01,860 INFO [data_loader]   Total links: 3,530
2026-03-13 15:30:01,861 INFO [data_loader]   Saved → /Users/ent-00379/Downloads/idea/pipeline/data/processed/topology_links.pkl
2026-03-13 15:30:01,861 INFO [data_loader] Loading KPI definitions (optional)...
2026-03-13 15:30:01,880 INFO [data_loader]   KPI_FORMULA: 523 rows
2026-03-13 15:30:01,895 INFO [data_loader]   KPI_COUNTER: 609 rows
2026-03-13 15:30:01,895 INFO [data_loader] Loading ALARM_LIBRARY (alarm catalog)...
2026-03-13 15:30:01,952 INFO [data_loader]   Alarm library: 3,664 alarm definitions
2026-03-13 15:30:01,955 INFO [data_loader] Loading alarm events...
2026-03-13 15:30:01,955 INFO [alarm_config] Inspecting ALARM table: ALARM ...
2026-03-13 15:30:01,959 INFO [alarm_config]   Found 72 columns: ['ALARM_ID_PK', 'OPEN_TIME', 'CHANGE_TIME', 'REPORTING_TIME', 'FIRST_RECEPTION_TIME', 'FIRST_PROCESSING_TIME', 'LAST_PROCESSING_TIME', 'CLOSURE_TIME', 'CLOSURE_RECEPTION_TIME', 'CLOSURE_PROCESSING_TIME', 'ALARM_EXTERNAL_ID', 'ALARM_CODE', 'ALARM_NAME', 'CLOSURE_EXTERNAL_ID', 'CLASSIFICATION', 'EVENT_TYPE', 'SEVERITY', 'ACTUAL_SEVERITY', 'ALARM_STATUS', 'ENTITY_NAME', 'ENTITY_ID', 'PARENT_ENTITY_ID', 'SUBENTITY', 'ENTITY_TYPE', 'ENTITY_STATUS', 'ENTITY_SERVICE_TYPE', 'LATITUDE', 'LONGITUDE', 'SENDER_NAME', 'SENDER_IP', 'SENDER_HOSTNAME', 'GEOGRAPHY_L1_NAME', 'GEOGRAPHY_L1_ID', 'GEOGRAPHY_L2_NAME', 'GEOGRAPHY_L2_ID', 'GEOGRAPHY_L3_NAME', 'GEOGRAPHY_L3_ID', 'GEOGRAPHY_L4_NAME', 'GEOGRAPHY_L4_ID', 'LOCATION_TYPE', 'LOCATION_ID', 'VENDOR', 'DOMAIN', 'TECHNOLOGY', 'PROBABLE_CAUSE', 'DESCRIPTION', 'SEQUENCE_NUMBER', 'SERVICE_AFFECTED', 'CLOSED_BY', 'CHANGE_REQUEST_ID', 'CORRELATION_TYPE', 'INCIDENT_ID', 'PARTICIPATED_IN_INCIDENT', 'MANUALLY_CLOSEABLE', 'MANUALLY_CLOSED_BY', 'ACKNOWLEDGED', 'ACKNOWLEDGED_BY', 'ACKNOWLEDGE_TIME', 'KAFKA_TOPIC_NAME', 'KAFKA_PARTITION_NO', 'KAFKA_OFFSET', 'OCCURRENCE', 'INSTANCE_ID', 'META_INFO', 'ENTITY_FAMILY', 'CORRELATION_FLAG', 'ADDITIONAL_DETAIL', 'ALARM_GROUP', 'CKT_ID', 'INCIDENT_STATUS', 'ASSIGN_INCIDENT', 'TAG']
2026-03-13 15:30:01,960 INFO [alarm_config]   ✅  ne_id           → ENTITY_ID
2026-03-13 15:30:01,960 INFO [alarm_config]   ✅  alarm_code      → ALARM_CODE
2026-03-13 15:30:01,960 INFO [alarm_config]   ✅  severity        → SEVERITY
2026-03-13 15:30:01,960 INFO [alarm_config]   ✅  timestamp       → OPEN_TIME
2026-03-13 15:30:01,960 INFO [alarm_config]   ✅  root_cause      → PROBABLE_CAUSE
2026-03-13 15:30:01,960 INFO [alarm_config]   ✅  status          → ALARM_STATUS
2026-03-13 15:30:01,960 INFO [alarm_config]   ✅  clear_time      → CLOSURE_TIME
2026-03-13 15:30:01,960 WARNING [alarm_config]   ⚠️   ne_type         → not found; using config value: None
2026-03-13 15:30:01,960 INFO [alarm_config]   ✅  domain          → DOMAIN
2026-03-13 15:30:01,960 INFO [alarm_config]   Schema saved to /Users/ent-00379/Downloads/idea/pipeline/data/alarm_schema.json
2026-03-13 15:30:07,389 INFO [data_loader]   Loaded 500,000+ rows...
2026-03-13 15:30:07,736 INFO [data_loader]   Enriching labels from ALARM_LIBRARY (ALARM_CODE → ALARM_ID → ALARM_IDENTIFIER + CLASSIFICATION)...
2026-03-13 15:30:15,723 INFO [data_loader]   Loaded 1,001,152 alarms — 1,001,152 with ROOT_CAUSE labels
2026-03-13 15:30:16,455 INFO [data_loader] Loading NETWORK_INVENTORY (chunked)...
2026-03-13 15:30:16,460 WARNING [data_loader]   NETWORK_INVENTORY not available: Execution failed on sql '
        SELECT ID, NAME, NI_TYPE, TECHNOLOGY, VENDOR,
               STATUS, STATE, DOMAIN, SOFTWARE_VERSION,
               IS_VIRTUAL, CATEGORY, ROLE,
               NETWORK_ELEMENT_ID_FK,
               PARENT_NETWORK_INVENTORY_ID_FK,
               KERNEL_VERSION, FIRMWARE, BIOS_VERSION
        FROM NETWORK_INVENTORY
        WHERE IS_DELETED = 0
    ': (pymysql.err.ProgrammingError) (1146, "Table 'railtel.network_inventory' doesn't exist")
[SQL: 
        SELECT ID, NAME, NI_TYPE, TECHNOLOGY, VENDOR,
               STATUS, STATE, DOMAIN, SOFTWARE_VERSION,
               IS_VIRTUAL, CATEGORY, ROLE,
               NETWORK_ELEMENT_ID_FK,
               PARENT_NETWORK_INVENTORY_ID_FK,
               KERNEL_VERSION, FIRMWARE, BIOS_VERSION
        FROM NETWORK_INVENTORY
        WHERE IS_DELETED = 0
    ]
(Background on this error at: https://sqlalche.me/e/20/f405)
2026-03-13 15:30:16,476 INFO [data_loader] 
============================================================
2026-03-13 15:30:16,476 INFO [data_loader] DATA LOAD SUMMARY
2026-03-13 15:30:16,476 INFO [data_loader] ============================================================
2026-03-13 15:30:16,476 INFO [data_loader]   Network Elements :     57,705
2026-03-13 15:30:16,476 INFO [data_loader]   Topology Links   :      3,530
2026-03-13 15:30:16,476 INFO [data_loader]   KPI Formulas     :        523
2026-03-13 15:30:16,476 INFO [data_loader]   KPI Counters     :        609
2026-03-13 15:30:16,476 INFO [data_loader]   Alarm Library    :      3,664  (catalog, not events)
2026-03-13 15:30:16,476 INFO [data_loader]   Alarm Events     :  1,001,152
2026-03-13 15:30:16,476 INFO [data_loader]   Labelled Alarms  :  1,001,152  (for root cause training)
2026-03-13 15:30:16,476 INFO [data_loader]   Inventory Items  :          0
2026-03-13 15:30:16,476 INFO [data_loader] ============================================================
2026-03-13 15:30:16,476 INFO [run_pipeline]   Done in 16.3s
2026-03-13 15:30:16,476 INFO [run_pipeline] 
─────────────────────────────────────────────────────────────────
2026-03-13 15:30:16,476 INFO [run_pipeline]   Step 2/5: Build ML features
2026-03-13 15:30:16,476 INFO [run_pipeline] ─────────────────────────────────────────────────────────────────
2026-03-13 15:30:17,423 INFO [feature_builder] 
==================================================
2026-03-13 15:30:17,423 INFO [feature_builder] Building master feature set...
2026-03-13 15:30:17,423 INFO [feature_builder] ==================================================
2026-03-13 15:30:17,423 INFO [feature_builder] Building NE static features...
2026-03-13 15:30:17,498 INFO [feature_builder]   NE static features: 56 columns
2026-03-13 15:30:17,498 INFO [feature_builder] Building graph topology features...
2026-03-13 15:30:18,328 INFO [feature_builder]   Graph: 57,705 nodes, 1,344 edges
2026-03-13 15:30:18,334 INFO [feature_builder]   Computing betweenness centrality (k=500)...
2026-03-13 15:30:22,103 INFO [feature_builder]   Computing clustering coefficients...
2026-03-13 15:30:22,242 INFO [feature_builder]   Graph features built for 57,705 nodes
2026-03-13 15:30:22,243 INFO [feature_builder] Building ISIS link health features per NE...
2026-03-13 15:30:22,261 INFO [feature_builder]   ISIS health features for 158 NEs
2026-03-13 15:30:22,261 INFO [feature_builder] Building hierarchy depth features...
2026-03-13 15:30:22,268 INFO [feature_builder]   Computing hierarchy depths (this may take a moment)...
2026-03-13 15:30:22,308 INFO [feature_builder]   Max hierarchy depth: 1
2026-03-13 15:30:22,312 INFO [feature_builder] 
Master feature set: 57,705 NEs × 82 features
2026-03-13 15:30:22,398 INFO [feature_builder] Saved to /Users/ent-00379/Downloads/idea/pipeline/data/processed/master_features.pkl
2026-03-13 15:30:22,398 INFO [run_pipeline]   Done in 5.9s  (57,705 NEs × 82 features)
2026-03-13 15:30:22,399 INFO [run_pipeline] 
─────────────────────────────────────────────────────────────────
2026-03-13 15:30:22,399 INFO [run_pipeline]   Step 3/5: Train Root Cause Classifier (XGBoost → ONNX)
2026-03-13 15:30:22,399 INFO [run_pipeline] ─────────────────────────────────────────────────────────────────
2026-03-13 15:30:22,579 INFO [train_root_cause] Preparing training data...
2026-03-13 15:30:23,055 INFO [train_root_cause] Training samples after join: 0
2026-03-13 15:30:23,055 INFO [train_root_cause] Training samples with labels: 0
2026-03-13 15:30:23,055 WARNING [train_root_cause] Only 0 labelled samples — adding synthetic data to reach 50k
2026-03-13 15:30:23,058 INFO [train_root_cause] Generating 50,000 synthetic training samples (label set: ['BACKHAUL_ISSUE', 'CONFIGURATION_ERROR', 'HARDWARE_FAILURE', 'INTERFACE_ERROR', 'LATENCY_HIGH', 'LINK_CONGESTION', 'PACKET_LOSS', 'POWER_ISSUE', 'UNKNOWN'])...
2026-03-13 15:30:24,428 INFO [train_root_cause]   Root cause distribution:
HARDWARE_FAILURE       10078
CONFIGURATION_ERROR    10021
POWER_ISSUE             7538
BACKHAUL_ISSUE          7446
LINK_CONGESTION         5072
INTERFACE_ERROR         4841
PACKET_LOSS             2515
LATENCY_HIGH            2489
Name: count, dtype: int64
2026-03-13 15:30:24,443 INFO [train_root_cause] 
==================================================
2026-03-13 15:30:24,443 INFO [train_root_cause] TRAINING ROOT CAUSE CLASSIFIER
2026-03-13 15:30:24,444 INFO [train_root_cause] ==================================================
2026-03-13 15:30:24,444 INFO [train_root_cause] Using 41 features
2026-03-13 15:30:24,454 INFO [train_root_cause] Classes (8): [np.str_('BACKHAUL_ISSUE'), np.str_('CONFIGURATION_ERROR'), np.str_('HARDWARE_FAILURE'), np.str_('INTERFACE_ERROR'), np.str_('LATENCY_HIGH'), np.str_('LINK_CONGESTION'), np.str_('PACKET_LOSS'), np.str_('POWER_ISSUE')]
2026-03-13 15:30:24,471 INFO [train_root_cause] Train: 40,000  Test: 10,000
2026-03-13 15:30:24,471 INFO [train_root_cause] Training XGBoost model...
2026-03-13 15:30:24,885 INFO [train_root_cause] 
Classification Report:
2026-03-13 15:30:24,889 INFO [train_root_cause]                      precision    recall  f1-score   support

     BACKHAUL_ISSUE       0.00      0.00      0.00      1489
CONFIGURATION_ERROR       0.21      0.10      0.14      2004
   HARDWARE_FAILURE       0.20      0.91      0.33      2016
    INTERFACE_ERROR       0.00      0.00      0.00       968
       LATENCY_HIGH       0.00      0.00      0.00       498
    LINK_CONGESTION       0.00      0.00      0.00      1014
        PACKET_LOSS       0.00      0.00      0.00       503
        POWER_ISSUE       0.00      0.00      0.00      1508

           accuracy                           0.20     10000
          macro avg       0.05      0.13      0.06     10000
       weighted avg       0.08      0.20      0.09     10000

2026-03-13 15:30:24,889 INFO [train_root_cause] 
Overall Accuracy: 0.204
2026-03-13 15:30:24,890 INFO [train_root_cause] 
Top 15 Most Important Features:
2026-03-13 15:30:24,891 INFO [train_root_cause]                   feature  importance
30    SRC_AVG_UTILIZATION    0.143121
37      LINK_HEALTH_SCORE    0.126720
29    SRC_MAX_UTILIZATION    0.108109
20            BETWEENNESS    0.070869
35    DST_MAX_UTILIZATION    0.060823
4           NE_STATUS_ENC    0.051398
24            IS_ISOLATED    0.047978
22         COMPONENT_SIZE    0.043670
21        CLUSTERING_COEF    0.041813
9             NE_AGE_DAYS    0.040705
23                IS_LEAF    0.037437
5   OPERATIONAL_STATE_ENC    0.036279
26        HIERARCHY_DEPTH    0.033784
2              VENDOR_ENC    0.033659
19           GRAPH_DEGREE    0.031427
2026-03-13 15:30:24,895 INFO [train_root_cause] 
Model saved to /Users/ent-00379/Downloads/idea/pipeline/data/models/
2026-03-13 15:30:24,895 INFO [train_root_cause] 
Exporting model to ONNX...
2026-03-13 15:30:24,949 INFO [train_root_cause] ONNX model saved: /Users/ent-00379/Downloads/idea/pipeline/data/models/root_cause_classifier.onnx
2026-03-13 15:30:24,949 INFO [train_root_cause]   Input:  [None, 41] float32
2026-03-13 15:30:24,949 INFO [train_root_cause]   Output: [None, 8] float32 (class probabilities)
2026-03-13 15:30:24,949 INFO [train_root_cause]   File size: 35.6 KB
2026-03-13 15:30:24,949 INFO [run_pipeline]   Done in 2.6s  accuracy=0.204
2026-03-13 15:30:24,949 INFO [run_pipeline] 
─────────────────────────────────────────────────────────────────
2026-03-13 15:30:24,949 INFO [run_pipeline]   Step 4/5: Train Alarm Propagation model
2026-03-13 15:30:24,949 INFO [run_pipeline] ─────────────────────────────────────────────────────────────────
2026-03-13 15:30:24,949 INFO [train_propagation] Building alarm sequences...
2026-03-13 15:30:44,669 INFO [train_propagation]   Built 62 alarm sessions from 1,001,152 alarms
2026-03-13 15:30:44,702 INFO [train_propagation] Learning alarm propagation rules...
2026-03-13 15:30:44,798 INFO [train_propagation]   Learned 2,109 propagation rules
2026-03-13 15:30:44,798 INFO [train_propagation]   Covering 103 root alarms
2026-03-13 15:30:44,799 INFO [train_propagation]   High confidence rules (≥70%): 1,956
2026-03-13 15:30:44,812 INFO [train_propagation] Rules saved to /Users/ent-00379/Downloads/idea/pipeline/data/models/alarm_propagation_rules.json
2026-03-13 15:30:44,812 INFO [train_propagation] File size: 464.0 KB
2026-03-13 15:30:44,812 INFO [run_pipeline]   Done in 19.9s  2,109 rules
2026-03-13 15:30:44,812 INFO [run_pipeline] 
─────────────────────────────────────────────────────────────────
2026-03-13 15:30:44,812 INFO [run_pipeline]   Step 4b: Alarm correlation (incidents)
2026-03-13 15:30:44,812 INFO [run_pipeline] ─────────────────────────────────────────────────────────────────
2026-03-13 15:31:05,647 INFO [alarm_correlator] Correlated 1,001,152 alarms into 15,678 incidents (window=30 min)
2026-03-13 15:31:05,771 INFO [alarm_correlator] Saved /Users/ent-00379/Downloads/idea/pipeline/data/processed/incidents.pkl
2026-03-13 15:31:05,782 INFO [run_pipeline]   Done in 21.0s
2026-03-13 15:31:05,782 INFO [run_pipeline] 
─────────────────────────────────────────────────────────────────
2026-03-13 15:31:05,782 INFO [run_pipeline]   Step 4c: Train sequence model (LSTM → ONNX)
2026-03-13 15:31:05,782 INFO [run_pipeline] ─────────────────────────────────────────────────────────────────
2026-03-13 15:31:05,875 INFO [train_sequence_model] Vocab size=114, classes=8, incidents=15678
2026-03-13 15:31:07,549 INFO [train_sequence_model] Training LSTM (5 epochs, batch=256)...
